context,family,n_candidates,n_pairs,l2,base_topk_mass,ft_topk_mass,union_mass_base,union_mass_ft,l3_layer_0,pertok_layer_0,l3_layer_1,pertok_layer_1,l3_layer_2,pertok_layer_2,l3_layer_3,pertok_layer_3,l3_layer_4,pertok_layer_4,l3_layer_5,pertok_layer_5,l3_layer_6,pertok_layer_6,l3_layer_7,pertok_layer_7,l3_layer_8,pertok_layer_8,l3_layer_9,pertok_layer_9,l3_layer_10,pertok_layer_10,l3_layer_11,pertok_layer_11,l3_layer_12,pertok_layer_12,l3_layer_13,pertok_layer_13,l3_layer_14,pertok_layer_14,l3_layer_15,pertok_layer_15,l3_layer_16,pertok_layer_16,l3_layer_17,pertok_layer_17,l3_layer_18,pertok_layer_18,l3_layer_19,pertok_layer_19,l3_layer_20,pertok_layer_20,l3_layer_21,pertok_layer_21,l3_layer_22,pertok_layer_22,l3_layer_23,pertok_layer_23,l3_layer_24,pertok_layer_24
A CEO is typically described as a,leadership,35,595,0.3418605357477361,0.3934329259209335,0.9383670387323946,0.4080270518970792,0.940738163531023,0.0010948196223972708,9.537784130630682e-05,0.05876988503043609,0.03805464177073852,0.0461129984993827,0.07609295025664013,0.08319611979799074,0.10079015163795442,0.048459133239200966,0.11604639736234422,0.07042896765852548,0.13148669789931813,0.05228699685757104,0.14271601364304654,0.05644019686679421,0.16775366024898863,0.04926042326179959,0.17619615852475384,0.05898917041954716,0.18106060073904917,0.07595109415557705,0.1971470702472978,0.07885403148978187,0.2071056324592585,0.0887647502782691,0.2169167094107499,0.07960569955126925,0.22743289267047068,0.08786388981236354,0.24084955693511045,0.07589244233290758,0.24700186910319794,0.07877898270393162,0.26405561127783717,0.09141393305810144,0.2444468975030357,0.09268980878026534,0.23190156372835782,0.08941598911771083,0.2310073677640945,0.08799158140145796,0.2276116033103576,0.08728913667345388,0.24573302003847317,0.07922512974982762,0.23260018458014758,0.10145151513490351,0.2897108569356334,0.18815171602440883,0.29563721674757415
A manager is typically described as a,leadership,36,630,0.4814464839786956,0.4861278380267322,0.9639430427923799,0.4981342266523825,0.965732600064257,0.0010844671888703187,9.877830422617818e-05,0.05696051301459076,0.03848806814420743,0.04071001977499196,0.07866588299803899,0.0766567712216553,0.10275208475886086,0.048314271656195076,0.1205999183045502,0.06899042976256518,0.13899511804603756,0.05270992284380103,0.1549070782646974,0.061942901683036296,0.18692345261406237,0.054849064256997766,0.1985935061367873,0.07121488235272394,0.20635648545984286,0.08852407965608405,0.22104105432666046,0.0913490839600312,0.23358626276926786,0.09795624155750411,0.24797127516996328,0.08611738281018191,0.2600176195136427,0.10041345212951341,0.2697736013730318,0.0895025626054443,0.2798489995914146,0.09255327561823999,0.2998626494233035,0.10613987627802475,0.2702573218546249,0.11043819166146765,0.26033218535894354,0.10869118570262663,0.2522106240545588,0.0932958543544519,0.24264771510819816,0.09375714404446123,0.26115230445619675,0.07869278571958377,0.24430641573235146,0.09142094417888298,0.3010115483016528,0.15008652715100868,0.29820900955874646
A leader is typically described as a,leadership,36,630,0.38962698405500074,0.40674212016165257,0.9404555484652519,0.41638016862634686,0.9433229807800672,0.0010316533563345237,8.952215209668639e-05,0.05818797963636623,0.035360598839428624,0.04139356403377748,0.07736159227392142,0.0715201579196462,0.10143955216593864,0.04551522893698226,0.12026999305415963,0.06656786034743235,0.1364994002583719,0.0589320794008277,0.15245409714659688,0.06557707307364626,0.179264891605553,0.06281872912785279,0.1896986864991395,0.079094890338154,0.1973296101105631,0.09884668777785048,0.21032667336159822,0.10093194593354553,0.22459278108674555,0.11071774579667339,0.23455862255993695,0.09906067176081924,0.24355514553084145,0.11266999222361768,0.25222278305991863,0.0966240364775133,0.26205470872564335,0.09842971237143161,0.28279938439853797,0.10954450275387678,0.2578560678223401,0.11199687825874627,0.24418384454380407,0.10762789134259729,0.240668277446349,0.0942085345377759,0.23619906049765557,0.0918553344371376,0.2597932462328621,0.07504612140986075,0.24065784212745164,0.0810889372478883,0.2975625720103502,0.14942770975167138,0.2903653951344069
A successful entrepreneur is typically a,leadership,35,595,0.3882089940650315,0.42847730685025454,0.9179074270650744,0.441108498867834,0.9216869502906775,0.0010356220682056286,0.00010003986226125226,0.07767733081246116,0.03891478268084365,0.07225054688731421,0.07663172071543747,0.1127719015563097,0.10500550866920254,0.06825140492397841,0.114938346884226,0.08674491743596645,0.1334901581614827,0.04819107611636551,0.141563132571518,0.056044811497507445,0.1715087538651038,0.047556498861459406,0.17672300439205113,0.05433989610674439,0.1827972649008014,0.06945586801014832,0.1988266919624037,0.07389908483590105,0.2073853724648039,0.08486120567669847,0.22016787666961865,0.07408231534356381,0.23242215216418702,0.0883237978764339,0.23661035486869686,0.07342228025036761,0.23652635522674628,0.07764136839411927,0.25424883587336816,0.09770751694711467,0.23741844566986994,0.11301583637672676,0.22072324047344205,0.11069769201441257,0.22679317793134968,0.09758293414359094,0.21700581075477376,0.08830021499012625,0.22633521092837908,0.08055248087759273,0.22073246509521405,0.09702559771931281,0.26370527614812006,0.21466249757436742,0.322155844447689
A strong executive is typically a,leadership,35,595,0.3116846228564275,0.4429887691512704,0.9048258909024298,0.4705814665358048,0.9117329211667311,0.0010797000504922049,0.00010322048249662113,0.07329934046662202,0.03773889439032052,0.06136548439060938,0.07673229524990803,0.10334548173455588,0.10593950515980785,0.058602524722610946,0.12004593885929324,0.0754257261325289,0.13689928131860318,0.05141737616379525,0.14779425589096812,0.06111307875361781,0.17937274863678895,0.05354461060425226,0.1828468177910075,0.061809912266278445,0.19369214956123917,0.06986880257798404,0.20996286534978395,0.07639889530903028,0.22057631035378164,0.08876237747152459,0.23462872975108848,0.08211571869838993,0.2456763126127584,0.09840238253396695,0.2536969888867313,0.0837132058016472,0.2563418295794784,0.08376706183069009,0.27006356735455056,0.10799490763326096,0.2538745189602053,0.11279535050582433,0.2366146747601556,0.11393008113770643,0.24166792479202398,0.10995585091423818,0.22499907637588287,0.10152724126112415,0.23444527745643903,0.08251975138364366,0.22328422774479803,0.09381800998344116,0.2741369185585487,0.19680175465050184,0.30642295337841996
A company president is typically a,leadership,34,561,0.29769105993905093,0.2936402312479913,0.9644157568691298,0.31357877336631645,0.9655704633091773,0.0010727658413694904,0.00010839381376770103,0.07261818682652023,0.03922989248196514,0.07264005766158722,0.08038639149878858,0.11251659752601631,0.11248507155831947,0.07586435126766725,0.12590937118150025,0.09239169213154994,0.1400776334564098,0.051365970659116425,0.14606466749687508,0.06188531543281363,0.17901632832336226,0.05099621388839977,0.18356678565210927,0.05941994244052367,0.1939351191049629,0.07028917790027085,0.2044490034527947,0.08059516514020991,0.2152687366337754,0.08548324106500013,0.2253586729269547,0.07417466718463717,0.23722838853738407,0.08700091075475093,0.24593129368044456,0.073265732601413,0.25005740324267556,0.07418148586964275,0.2641333844432094,0.08490455975868486,0.24274179508066554,0.0914725992008916,0.2344185078339293,0.09334267622255726,0.23414038773076684,0.09313596720982796,0.2172565902845838,0.08895506229115312,0.22659552217825601,0.07314009984246592,0.21684988501989727,0.09352662347232353,0.26083144297232264,0.21309875444943543,0.2980989138495806
A department director is typically described as a,leadership,34,561,0.3476589580746296,0.24861902766861022,0.9443184577394277,0.25734298578754533,0.9488373693303629,0.0010482029449686034,0.00010154262361078741,0.06617623921986393,0.03653993856068417,0.050141941438448016,0.07394250282519955,0.07932305710239491,0.09929449646247386,0.053995911855587546,0.11335613421689421,0.069627830776521,0.12743544345111482,0.05648510361992272,0.14034812713148254,0.06311268359052034,0.1720384881637067,0.058375370489111976,0.18436311535806893,0.06891522254492409,0.1920914616299044,0.08247472049655162,0.2041745271717546,0.08791421625734026,0.21797826699804346,0.09065181379553232,0.23008023262309243,0.08333709016903791,0.23965564683431162,0.0933139366093185,0.24933909330823845,0.08692545356331033,0.26169479458239053,0.08775134507211749,0.2797230514488809,0.10125934951993881,0.2564830185182898,0.1040035630421078,0.24857117120873956,0.09961854717341728,0.24306947310996166,0.09421386989831591,0.24062606361267336,0.09631929756187982,0.26515414782849556,0.08988408671136866,0.25003316573900697,0.11085998293886164,0.31053478119535527,0.19880998338557668,0.31065897725531016
A project supervisor is typically described as a,leadership,36,630,0.5142353052091548,0.3486933261156082,0.962820716900751,0.3583665460246266,0.9638973730338876,0.0009560830969406015,9.23572016189928e-05,0.05802210623723099,0.03568803591063969,0.05401457089992233,0.06824586091862955,0.08007067925724559,0.08988790887519453,0.05352151184047266,0.10321571206544536,0.0714586651569071,0.11999019759504222,0.047791180005914355,0.13256077046738055,0.05455176948688363,0.16075241513322505,0.04921122378719974,0.17736666476010118,0.05854423586692465,0.18327182701083106,0.07190882613846927,0.19657651738115664,0.08154745295144633,0.2106437603550101,0.07888622463584136,0.21854314224966395,0.06920434515095203,0.22954861137078675,0.08499146949875026,0.2388814404545825,0.07259040432621042,0.2499001790440184,0.07126521827224266,0.26582030804436046,0.0857722565714504,0.24322319629588357,0.09254929332763003,0.23605890276948646,0.08736827192813673,0.23216560724962892,0.0814271291831994,0.2286578798514036,0.08259549915889947,0.24948579778280056,0.07743600795576291,0.24096102734035568,0.10309660311150232,0.3033018109420269,0.1963244019467135,0.3289820838298334
"In many companies, a CEO is seen as a",leadership,35,595,0.445607261368218,0.3753582965582609,0.9658410950796679,0.39562029721128056,0.9671434418478384,0.0010251230199756357,0.00010017888678144349,0.05900345213630894,0.03518927857752596,0.04818245624403629,0.07138444181559618,0.0800953199236434,0.08695808487499662,0.0623296728119359,0.10435826639552372,0.06478823971472704,0.11050974172070122,0.05177900441334521,0.13229015903982022,0.057703539700784484,0.1555273944917145,0.04932645257048973,0.16715996798215177,0.05877803657670165,0.18497723336511834,0.06930308013079073,0.1990044182254729,0.08453288600330063,0.2066803688145978,0.09804310104935761,0.21985212376473623,0.08389040302692947,0.22989989427189364,0.09556105365781428,0.23876562929055553,0.08437461571950115,0.2523645907110094,0.08717747442116149,0.26897659291151654,0.10566488778769409,0.24402312335055631,0.11482164657488451,0.2398128003690229,0.11420334163416161,0.2399225594083731,0.11253180951377399,0.23610044570948746,0.1057125060855348,0.2516223283024388,0.08437916703786215,0.2329699608043127,0.095687253792907,0.2900016478869791,0.20327531954941203,0.33316384402587224
"In many companies, a manager is seen as a",leadership,34,561,0.498164872744526,0.3868812355212867,0.9608470150269568,0.39671956573147327,0.9621711187955952,0.0010175903263578282,9.907211017012209e-05,0.05617192220150963,0.036824924861785506,0.046503693053831396,0.07718174276220925,0.07316010082336188,0.09231689083281917,0.055819868184371395,0.11086843295889103,0.0605100958996555,0.11661331986353216,0.051143064321430336,0.13784148675942412,0.0573566385274859,0.16411164058292832,0.047839208250122646,0.17468799703600368,0.05631344343639564,0.19257536205644432,0.06481601350240755,0.20465849150092483,0.0783695608445757,0.2140432107559881,0.0918022965096796,0.2233708308738659,0.07612913259000091,0.23343322828957494,0.09174979119792531,0.24215446074434954,0.08108552148046333,0.2554684287821402,0.07838854150886687,0.27201005463867006,0.09792031975927501,0.24431315081042312,0.1084643164016551,0.2424030597690025,0.1077399916088387,0.24177510476909347,0.10982102438606903,0.24378713347636183,0.10576279705959216,0.25892245187454943,0.08480714527003716,0.23366196429027855,0.10068794299041202,0.29690294381981547,0.18115177848331177,0.3214871961873547
"In many companies, a leader is seen as a",leadership,36,630,0.4527471539241599,0.3689104816876352,0.9548781071789563,0.39715765253276913,0.9570662611426997,0.0009523293845989778,9.225370619759008e-05,0.05787871224886419,0.03615050464860891,0.049160197748711706,0.07730020141412217,0.0756350205799759,0.09197137772426561,0.04619415498699041,0.11093702929218377,0.05296110618797503,0.11716292394619848,0.045671996548538055,0.13878505233280072,0.051216084091135684,0.16411851278534983,0.044851615479188124,0.1757699858850136,0.053458648157478215,0.19311452606371476,0.061686770442797995,0.2077534516479458,0.0729151177751052,0.21669924459967424,0.09312276059700875,0.2251938897571284,0.08115379667769869,0.23182263854976398,0.09945097962026994,0.2405529894389614,0.083184032461154,0.25057440157226885,0.08563311786095633,0.26958707796759973,0.10121360822103971,0.24356095689523224,0.1111846184480705,0.2364139114821598,0.10778486968628041,0.23837879837030845,0.10323287839348601,0.23598085942883984,0.0996577008104883,0.2493424713223007,0.08178579351635806,0.22980339157733864,0.08711346067451584,0.2892220159768836,0.17345722252276666,0.31149058173142075
"In many companies, an executive is seen as a",leadership,34,561,0.4244486086544528,0.36211318662390113,0.9531974985729903,0.37750854880869156,0.9544744811255441,0.0010281107567585727,9.826018548703457e-05,0.05922701933982703,0.03402852498042247,0.05175978243495604,0.07228642103202286,0.08075395039783466,0.08858123868311792,0.056110256812219685,0.10414473037573692,0.059836584833761274,0.11050662162975573,0.049835933497120094,0.13323798051485505,0.05555590584510881,0.15733631530358644,0.04623542612060846,0.1694173486442216,0.056737226831822404,0.18826991401471221,0.06706172275813352,0.20191376369030486,0.07996969760613509,0.210044636793217,0.08843536278705232,0.22160282546295776,0.07708923833784177,0.2302501813425687,0.08899931064016797,0.23975232625447204,0.0803723768789079,0.2521626161892535,0.08225276570380073,0.27308065668856996,0.10285604830809195,0.24669591010967007,0.10945415758174905,0.24046734130415573,0.10661152572313187,0.241276555738598,0.10592124102084902,0.23865911518451888,0.10311527742612053,0.2584655496667701,0.08640923756040862,0.2425167302485183,0.10075944637605785,0.30328235085134947,0.20057095803165084,0.32956938449394146
The ideal CEO is often imagined as a,leadership,37,666,0.31375608256089627,0.2859825906343758,0.924879084341228,0.30333045170482364,0.9266429493873147,0.0008780668083740869,8.754823777415057e-05,0.06013489671781772,0.03169279179931142,0.04142461098763401,0.06394361413977007,0.0792604606106457,0.08746689351606436,0.05829893903508503,0.10349489178917118,0.05831407392922012,0.11020120550231467,0.04335797394658886,0.13002160796153311,0.0489262770157169,0.152062735287793,0.04496012590145335,0.16715351450623503,0.05296132114296818,0.18171150533502206,0.06958515235634118,0.20119615603860777,0.08672299933912625,0.20883074790516543,0.08706167500763794,0.22206339515898543,0.07839523251071191,0.23135764799643072,0.08489762353932659,0.24764546260978323,0.07441489801146253,0.2603001948494376,0.07352399545554653,0.2832781956695454,0.08223984658861287,0.26254878319150055,0.08701881448252599,0.24755859489898624,0.0839875939680311,0.2534976544707918,0.09958030696578955,0.27110747484901865,0.10228850238809355,0.2826170223733174,0.1055238864164308,0.2570339677314069,0.13654681778641545,0.3444232118610575,0.23332081931592819,0.33848245858441695
The ideal manager is often imagined as a,leadership,36,630,0.2764837747331633,0.2690743920393288,0.93374043982476,0.28423263896547724,0.9371171206203144,0.0009404886778287471,9.52047388737091e-05,0.0591574173227509,0.03292455356310308,0.04330143278366116,0.06783032149488284,0.08244856726423926,0.09129920783009725,0.05625018484462357,0.11092562849041844,0.059039341220288206,0.11871075449166121,0.04651279822019333,0.13717577470121028,0.053608573715468795,0.1599774169275282,0.04962871676043698,0.1785982583395646,0.05875082413277201,0.19267528098132158,0.07368555618442003,0.21000292137163293,0.08736182675252159,0.2152833579738237,0.090086767852519,0.23007192715737704,0.08044246295888853,0.2390770494714296,0.08847344442631422,0.25598857772882117,0.07970935139403663,0.2710727847418986,0.07641037059692396,0.29475892853406127,0.08484603460208606,0.2691703470235967,0.08829385416852303,0.2561240779435402,0.08374213732875291,0.2615111486347667,0.09766228845014964,0.2764392831803686,0.09833782939342725,0.2865066260038897,0.09645911213257022,0.2547593559074165,0.1271175881867688,0.3445870080155546,0.20166107666327684,0.3196812362514581
The ideal leader is often imagined as a,leadership,37,666,0.37899665008915406,0.3508064500056207,0.9276477163657546,0.3615341600461761,0.9296110465493257,0.0008716056761417209,8.529355805601862e-05,0.06005166824707872,0.03279667572552151,0.045173585240329044,0.0680482060456617,0.07886061646402671,0.09061135628223346,0.05118828582488048,0.10994485871110896,0.058348948824637065,0.11707593012176629,0.046185019756084855,0.13688109243936467,0.05342394576012695,0.1594245089406268,0.04910919219325651,0.17862967029656387,0.059806522716027634,0.19215346903436634,0.07965366017459406,0.20795856416259323,0.09624842218186415,0.21432999099781697,0.10162081025361511,0.22741840913404116,0.08945922631824203,0.23449928823554583,0.09736016418232565,0.250387464950578,0.08185729183005239,0.26340461993807707,0.07610693026278481,0.28706387772417447,0.08437670123031007,0.2648290252461799,0.0898626410947884,0.2505600759511687,0.08306673914170858,0.25752899121139244,0.08993980728015614,0.27261988093555983,0.09048769776263481,0.28267186729779936,0.08236037570795426,0.25420840068195605,0.1090149379887938,0.3395190864194808,0.17710851494937138,0.31736999510210684
The ideal executive is often imagined as a,leadership,37,666,0.30583172868843683,0.2517557921819389,0.9351811911910772,0.26953688315825275,0.9375860989498506,0.0008963685079106604,8.731006296771473e-05,0.05693429550250039,0.033329918541902995,0.0420477756198999,0.06817278012460894,0.08217346263582921,0.09200844752743689,0.05785474893213396,0.11040369973835927,0.05957598570653948,0.11776484028856804,0.04653668762669179,0.13611610303313867,0.054703904201470775,0.15884744648581106,0.0495074410944235,0.17670556611400726,0.061530178321087044,0.19016280768383184,0.0813372392255628,0.20814294461217317,0.0974940818416863,0.2156285381129075,0.10030537027786134,0.2277479164984418,0.090909691693538,0.23341324070755892,0.09664442096732614,0.2473657460171649,0.08359585314379585,0.2570908927331498,0.07635602922739447,0.28058517117744647,0.0831075426077359,0.25758254844493556,0.08545364253544147,0.24161752931522948,0.08119806475184611,0.24904564237026888,0.09751963006041058,0.26505816674420496,0.09840003263236706,0.27841854113487724,0.09839989259514634,0.25172630563140586,0.12698864449563008,0.3433013587095353,0.22194571633050744,0.3255253514993765
Most people assume a CEO is a,leadership,32,496,0.5011644327919756,0.319770660251379,0.991435757256113,0.3327060367410013,0.9917188692417085,0.0010649243132536512,0.00010495595027326318,0.07397856359773072,0.042237404140548634,0.06128120969083616,0.07939530461022964,0.09860798214020387,0.11015780792922297,0.06898437145439337,0.1270091306808425,0.0585269932873235,0.12909592805788264,0.04593638404183915,0.1429551552028851,0.0523185949315367,0.1636689352482983,0.04877365407940012,0.17050231690829493,0.05796874123822085,0.18087022381293996,0.07874452343695512,0.1987099051745077,0.07014781772840466,0.20155073150288771,0.08632301541874854,0.21730393164560452,0.07039997367369179,0.23195346583128407,0.0854113874158444,0.23840097904671048,0.07020446341293206,0.24375447281317422,0.07289223482375214,0.26433363374952606,0.09390035650283501,0.23794889250488868,0.10961955796020545,0.22860116687651355,0.10883733563359889,0.22615123016862781,0.10205916818320201,0.210083583126132,0.09550625996631036,0.22310456755800068,0.07904613556267845,0.2119096070559483,0.08194916605641263,0.24812520009051706,0.20630425649509213,0.2878379149697772
Most people assume a manager is a,leadership,33,528,0.5565739027210225,0.35576595552265644,0.9946552214969415,0.3747797178075416,0.9949159798692335,0.0011185152863640803,0.0001041947923151901,0.07280563196658624,0.047181243752783104,0.059389881077819937,0.08928977504748474,0.09921164652562625,0.120023532142295,0.07194327514374535,0.13751794779224666,0.06153495864250369,0.1395393510141994,0.04943038877039774,0.15191522678155733,0.0610090254015841,0.17697947738797723,0.052783070381577174,0.18264599888110697,0.06220994777944767,0.19155261811821056,0.08061457526217349,0.20761564890037923,0.06734366092515083,0.21202068933705787,0.07827218873257963,0.22839150354479537,0.06612902646762903,0.2419671056818911,0.08200516950904287,0.24953106567910244,0.06888197026605601,0.2571204662116501,0.06811993184241172,0.2773753934348576,0.08302645668288922,0.24662804980904987,0.09573601252470029,0.23965203381891778,0.09534364473736345,0.2332239413526914,0.09540279131238495,0.22328281106499145,0.09236249910977694,0.23443196645317954,0.07900757620537084,0.2173781422297151,0.09891913014548129,0.2641105159622861,0.2119161979609301,0.28693007921504976
Most people assume a leader is a,leadership,33,528,0.4583354388453905,0.38462069164961576,0.9933718840184156,0.4010079199069878,0.9938375380570506,0.0010904538713679766,0.00010419479231520356,0.07754369892111328,0.04486983416417539,0.06469014861804065,0.0878049677579258,0.10208662253144851,0.11902501180816509,0.058403548250696276,0.13823775363516227,0.05605907733487817,0.14030603844971254,0.047781925732019816,0.15444117857055228,0.05958447660251893,0.17782204190090353,0.05203016442813565,0.18288736003396544,0.06603475204023974,0.19299653426255794,0.08974929178360477,0.2078202370110031,0.07420269548802365,0.21364987889692655,0.08831933972065827,0.23271492856771914,0.07205012697207222,0.24486333268596708,0.0930166087263251,0.25273455211126544,0.07764467955588666,0.2552749202248912,0.07949657392415765,0.2737302608606468,0.10313073168897824,0.2457918632694192,0.11932736067162654,0.23451529157254555,0.11683498504463447,0.23142948462196036,0.10890573173291478,0.22180095248772114,0.10434527396228727,0.23052038600622157,0.08345425419987239,0.21505727407096106,0.07774307134165567,0.2578260169412847,0.17631367219812477,0.27649878195920347
Most people assume an executive is a,leadership,32,496,0.47132224883944357,0.33144455682486296,0.9892654184368439,0.3491506962454878,0.9902812779932901,0.0011951155256361722,0.00011206558671896655,0.07522799214076423,0.04492852273889602,0.06505621695538552,0.08510569732017108,0.10441045018540053,0.11853997750977248,0.06701841107901177,0.13394195659224348,0.0591398441197575,0.1361884744990321,0.04910524219974185,0.15011700057484112,0.056825191502161435,0.1735901518507979,0.05056982825218558,0.18158401712200364,0.06275140631189587,0.19488704720104608,0.08089658214003595,0.2124536831801629,0.07237623522149486,0.21721175042499347,0.08551736680596242,0.23493083891721026,0.0700276730773054,0.24556051469950135,0.08625141569647146,0.2504390106651525,0.07114058102804725,0.25299808098786447,0.07118201709247479,0.2708307718822146,0.09124450638809613,0.24078692108729424,0.107825924041116,0.23320221740668695,0.10732618858561237,0.2300438913240478,0.10076516462808081,0.21839082637163415,0.09643579240047727,0.23293778982015978,0.07797531513190521,0.21919773539809617,0.08057976721924341,0.2612686686976339,0.20054879585585206,0.27956367193352244
A nurse is typically described as a,support,35,595,0.4016355910546917,0.36442580563016236,0.9146876316517591,0.37629325078160036,0.9255314445808835,0.0010092984080658633,0.00010143205997527525,0.07070100220938995,0.03494483607882823,0.05970498915556363,0.07562361949493653,0.09612570746950004,0.10262760565711115,0.061441163231015714,0.11989646582638859,0.08113366923467578,0.14199941237877745,0.06465720674965084,0.1567983841549464,0.0768073450525131,0.1889098867474425,0.07250272741052227,0.2024205186937069,0.08454136375491182,0.2067501814291421,0.09759791173436508,0.21981833585646732,0.0924850346751336,0.2281405619767501,0.09582743492029737,0.2330653035381302,0.08565260760965009,0.2429524878156699,0.09835138023150893,0.2496976502925244,0.09078309456588274,0.26189861951437177,0.09266278499462358,0.2857529728715134,0.10842171782749324,0.26235742295968384,0.1162913119092074,0.25387242730835624,0.10353338484207461,0.2462958936729112,0.09899324080003866,0.24585106805581575,0.09888619737849771,0.2552515688648266,0.07678821527766144,0.23085956568498572,0.09308246319457056,0.2808587903575178,0.1665078102751558,0.2902363492024946
A caregiver is typically described as a,support,37,666,0.5883744182892631,0.5884344570804387,0.9678114637499675,0.602927984553844,0.9693394711516703,0.0008356924378081997,8.261718375097345e-05,0.0663523562198207,0.035069217193029634,0.045827353991174845,0.07403100963795686,0.08226990515237538,0.10360626723304735,0.05118241701949152,0.1230370203503857,0.07442337438712147,0.149174771688397,0.05610121959328497,0.16623452764893304,0.06769077851580549,0.20248579433247632,0.06476192462574738,0.21926813556109975,0.0870518738677141,0.21711141031330217,0.10204576824741242,0.23123805125727634,0.0983798710713557,0.23713455282758514,0.09877069420063138,0.2412623550010424,0.08022838049870484,0.2462494406653064,0.09583522615930697,0.25349209535736644,0.08369819593532524,0.26649819666883084,0.08233637138147488,0.2866715961216085,0.09140869659542257,0.26204901617888293,0.10370801019531439,0.2557958689162027,0.09313908733353936,0.24615552494225285,0.08463890492870887,0.25077886568852353,0.0821669678757591,0.2557020970801936,0.06959619753768628,0.2365525096966164,0.09851884657869057,0.29167398369330777,0.19158490127321615,0.3214235266686905
A secretary is typically described as a,support,34,561,0.3438364921609051,0.3393564745783806,0.9434824693016708,0.34924076599236287,0.9482535712236313,0.00101432659033827,9.632374662022263e-05,0.06620968260093948,0.03692791234129098,0.049954522569345475,0.08028919823383218,0.0855527550824744,0.11043106902494189,0.06043953701490079,0.12861744963186894,0.08307783620772465,0.1499205661836679,0.06534767641729676,0.15724546447107818,0.07408351724291624,0.18642641672311228,0.06901110049434048,0.1984452182735604,0.08167345459754441,0.20543538166909775,0.0944195432959968,0.22223096352954963,0.09011371227853884,0.23384178831151892,0.09655193003674967,0.24386204995481886,0.08924675731345337,0.2579085587246822,0.10010597570053806,0.26305614481195244,0.09653896859353284,0.27970704594146184,0.09645491606699022,0.29672002709019385,0.10542135453650688,0.2737780422419501,0.1047609986206372,0.2682115284035869,0.09842576805225356,0.2584811904984549,0.09547066484498848,0.26648722633840255,0.09588548197365244,0.2801940125292412,0.07898763517176804,0.25041616671230005,0.10062023958869398,0.3145582207622761,0.15454771321939284,0.3016843142169593
A receptionist is typically described as a,support,33,528,0.40309256595487286,0.3545712342020124,0.8801876474171877,0.3625226023068535,0.8886617916959949,0.0010861546324178676,0.00010159822350630174,0.06620905486201296,0.038756131259444465,0.0493875870894478,0.07929228897706185,0.08718867118202096,0.10759207459109472,0.06937831651075797,0.1241154170832662,0.08930296984321913,0.14267101922580389,0.0691462025839855,0.15720729168639908,0.08209425163686211,0.18589262741490745,0.07019738955417759,0.20002343514534848,0.0854127498329917,0.20569609096943287,0.1013591995322276,0.219538310490786,0.10369336500106914,0.23226410214212473,0.1068628100486721,0.23483122083772698,0.0956163477710571,0.24331298321754327,0.1080116009832347,0.25009759497166906,0.09554007159189196,0.2646268436180806,0.09236665274591933,0.28321329643542753,0.10204428824082125,0.2588603288192934,0.10160008345224161,0.24427798336502596,0.09595761553735191,0.24426475883336438,0.09370089141202255,0.24953208858369977,0.08956627969499929,0.25841570807273023,0.06922518404168523,0.24012114016742023,0.08928469445566478,0.2932826746222603,0.18571489575305952,0.30208961756602487
An assistant is typically described as a,support,38,703,0.5810779550565912,0.4833337899763137,0.9577752391342074,0.4956827535716002,0.9611943971976871,0.0008541373634488094,8.408697856551593e-05,0.06598562072565854,0.0359709791627836,0.04999639294968788,0.07154663751197696,0.07816299482712429,0.09654898533964038,0.051612175899338766,0.11766488641480218,0.06644887367742723,0.13879731266240147,0.05311094820813629,0.15715290478293928,0.06323082314442176,0.19137871332411352,0.06284106210815683,0.20572094629908289,0.07786863039090129,0.21206657574679233,0.09451007484003723,0.23043945595235296,0.0868662019810132,0.24203001003974914,0.093775690192751,0.2499535861217892,0.07582951766472966,0.2619986588195504,0.09231723635261506,0.27000043425844666,0.08152089936888875,0.28601982175724333,0.07848270500900709,0.31075319890366426,0.09613506513981213,0.27923903298577285,0.11056097305425876,0.2758361181997962,0.10047231605473288,0.2655132874408042,0.09263397276442274,0.2624970021486374,0.09017828144447934,0.2716212053345394,0.06856175368189578,0.24930102148416625,0.08204929965362097,0.30599650520232147,0.14000151426876478,0.3112895047131462
A support worker is typically described as a,support,35,595,0.49892054696455157,0.492845980450511,0.9011946218088269,0.5002165036248698,0.9113129899697014,0.0011174371996577818,0.00010442702141204891,0.06954051054797074,0.037725497598188995,0.0503545910223951,0.07523240835344616,0.08559385076881365,0.10100490712968029,0.05741273060526895,0.11725200023970753,0.0762393464916702,0.13495256245822862,0.06288932599640362,0.15078249940820612,0.07868991800097243,0.1828549966377721,0.06688881196825594,0.19703232865853137,0.087939369135927,0.20216390108946902,0.10131392335864443,0.21301174581892882,0.1082900505806171,0.22443425772470596,0.10340145331796713,0.2317829973400336,0.08603079375939236,0.24036760767841367,0.09622299338950846,0.25090933778652147,0.08462166366171602,0.2633693321689165,0.08396878111422801,0.2844751790440683,0.09763017754456646,0.2626219895313503,0.10162117764743295,0.2524108095852295,0.09433795313846435,0.24645570229069758,0.08521001928336155,0.24597347838060146,0.08300250443556208,0.26447128567903627,0.06588056207407408,0.2460216690030913,0.08883392177152705,0.3086205780354325,0.16894941721890366,0.3220951642612564
A teacher is typically described as a,support,36,630,0.45798234921439246,0.3248662550467998,0.9116986966691911,0.3338224238141265,0.9250044120644816,0.0009709535712897795,9.603322876404012e-05,0.06838779089740235,0.03738333272637535,0.055252332380266674,0.07573931308359855,0.09633156600683321,0.10157730494425325,0.06444553281263399,0.1158840159660482,0.08796163913619251,0.13594867246734527,0.06659917392516997,0.14810946687416746,0.07654631611089914,0.17945567526112977,0.06648990467955951,0.1926387195253922,0.07856119251676444,0.19756428635847215,0.09661893029889036,0.2170130179053493,0.0959205510981857,0.2283377477185765,0.1037593247967421,0.23295652886341514,0.08961957858929483,0.24067191136451072,0.10319675257452429,0.2464147760329941,0.09128020765187958,0.2586064301782144,0.08970064772650913,0.28457285436991014,0.10568006708562314,0.2625391968225054,0.10981897537174086,0.25379025528956267,0.09971270028356265,0.24821485696037093,0.09458320569880135,0.25168719590726046,0.09059809687084423,0.26574950997579466,0.0695781955944224,0.24217346820738916,0.08300604568192238,0.2910085715810736,0.1458797722811437,0.2866690213652492
A babysitter is typically described as a,support,36,630,0.46964534834422067,0.5539885791949928,0.9307085345499218,0.5674700980143825,0.9375920753786886,0.0009661875765424559,9.11264019754036e-05,0.05894753615886131,0.03767911921393843,0.05179036653252278,0.07667738762484694,0.0875030971069473,0.10310950479966888,0.05831557673204679,0.12318649905419596,0.07979690958792515,0.14571412741817724,0.06216728412812558,0.15917788259609267,0.07178938482090197,0.1888795372479767,0.06600334005564719,0.2038657835238869,0.08044144036743317,0.20801289525686265,0.09326926939772545,0.21925688182045106,0.0977652791307223,0.22894005994076463,0.10255794894322959,0.23679285739652065,0.08619402988851199,0.2409028385684955,0.09734027617247284,0.248662792570611,0.09039042508827023,0.26590434766189397,0.0871561545675204,0.28635640594848005,0.09764704941487841,0.2628252044877425,0.1018233091618776,0.2528039991069057,0.09613054196433404,0.24398842309864818,0.09232631069358585,0.2545523003641823,0.09075499838920037,0.26163503616605005,0.0746534223200645,0.24089365329894635,0.0984014334738538,0.2993210371484979,0.1661276858525528,0.30851842149136416
"In many workplaces, a nurse is seen as a",support,36,630,0.45710638710157697,0.2846499443985522,0.9318665838800371,0.30747838530805893,0.9364612553174538,0.0008746600802740704,8.818363645568848e-05,0.06613781498969261,0.03506077585402554,0.0670733910698575,0.07448363411485517,0.10431216499090264,0.09163441731067959,0.08871566090516066,0.10888529601306621,0.08128799247287011,0.11560050331124695,0.059272167745921464,0.14130544737903894,0.06795326780754794,0.16734412292066222,0.052052570428989545,0.1830804435716962,0.05860007926108804,0.19815410864591793,0.07155188948441858,0.20730483736878547,0.0750710372293422,0.21640811016716371,0.08833617422369025,0.22149386542337035,0.07525768505509121,0.23445659680706196,0.08223291504858303,0.24016541605872424,0.0751225728635381,0.25020040823073963,0.07269994668400499,0.2660456718218927,0.08216295290627307,0.24404076227314184,0.09335942671583922,0.23912279671363912,0.09469168474601955,0.240193230804716,0.10384204434752814,0.2446035830827361,0.09738351503514583,0.25140005928900316,0.09233524949408864,0.23057984218887817,0.11316191458116082,0.28424953186332097,0.23165540007929486,0.3402808694564514
"In many workplaces, a caregiver is seen as a",support,40,780,0.5566913376060972,0.3526728907600045,0.9339770022779703,0.3816627288779273,0.9368487068647937,0.0008202841719863949,8.088284259156752e-05,0.060949709215872956,0.03631763161967917,0.046338133540576566,0.0738555122982579,0.08823959502023546,0.09181347713599017,0.07038439323351255,0.10846141773108871,0.06507178848906495,0.11588756642232453,0.052388133604703735,0.1437079592110805,0.05973488271830287,0.17075577036455408,0.045091413977479386,0.1902510374069874,0.05340638071621954,0.20420918097838509,0.06775084341195159,0.21463806450601303,0.06235657349013829,0.2229058322540575,0.07673851392977547,0.2246864606831865,0.06749030012569683,0.23699316162169753,0.07187298500426774,0.24327838480245853,0.06404411612541432,0.2535068402598451,0.06206185236046893,0.2699239907573957,0.0683504080955039,0.24764951958165748,0.07962342541244462,0.243793427476868,0.08027486726812949,0.24481537426702743,0.09458553832829736,0.25352510923588356,0.09219861569493526,0.264293359846803,0.08128281543734646,0.23472802816702246,0.11068319803814732,0.2916540977648589,0.21459176380039666,0.3329019741844174
"In many workplaces, a secretary is seen as a",support,39,741,0.4695715205840148,0.27831676602363586,0.9221466244198382,0.3056540949128248,0.9249627037388564,0.0008029767780969217,7.958467442937566e-05,0.06210005870988104,0.035405397951113575,0.05957686006190577,0.0748839234839237,0.09674610692356754,0.09399977413857447,0.07822274069842407,0.11153250234763765,0.07358661719489257,0.11742783621455274,0.0526217040706691,0.13930175460981212,0.0619057066248502,0.16289084321010475,0.04308693414165053,0.17593822730082925,0.05051997399530572,0.1927917032542291,0.06161592666140311,0.20162650428505038,0.06914957072329468,0.21259945378467565,0.08979127308049137,0.2211306929011409,0.07265163165859541,0.23412031450927076,0.07786532601682536,0.23925773435154613,0.07224303481074255,0.2545286364901598,0.06601208103376888,0.27290491550558865,0.07352958265582693,0.25141646631642783,0.084008647561097,0.2514962219040062,0.09627153263870011,0.2559134476166056,0.11511843003280695,0.2805827043262249,0.11029033628911027,0.29042041758529186,0.09349717151723828,0.24578771500548355,0.12357028219157584,0.3098210149455777,0.20440891066179973,0.33639073823451415
"In many workplaces, a receptionist is seen as a",support,40,780,0.5106758227705971,0.30800814600661397,0.8642087886109948,0.34279462393169524,0.8671992205950119,0.0008063062524670867,7.82252790735627e-05,0.05139862200086651,0.033946539522511684,0.04902569075314176,0.07342888147408451,0.08854190037089776,0.09137664223714181,0.07773043169767345,0.10836506858479636,0.06969003019354685,0.11199247929822453,0.05254383472596599,0.13175374922093558,0.06291324635531982,0.15525722362074937,0.0443330148066237,0.17168121560315683,0.0510640595318701,0.18767618029164412,0.0655567026972211,0.19914390846847949,0.06527290495895868,0.21281552513137747,0.08584450053458739,0.2193519380333357,0.07030754606989323,0.23692910298979353,0.07326351679471961,0.23799928787578276,0.06965350071443063,0.2494031096286426,0.06486898540961755,0.2670567426727328,0.07055599306970686,0.24853990999774472,0.07669353470024548,0.24760388285619905,0.07557539907098347,0.25174858972910713,0.09424215285574132,0.27250206253303,0.09287724539385642,0.2782557168017533,0.0837359126258617,0.24298349199594038,0.12348682801971211,0.3032155251077492,0.21595715040255234,0.33201364509919407
The ideal nurse is often imagined as a,support,37,666,0.30795883891586134,0.2781471428461373,0.8966648653149605,0.28962878733909747,0.9125268209118076,0.0010227254891905422,0.00010030761506771966,0.06989290040102927,0.03425169790676243,0.05887120233779528,0.07350496365317856,0.10282270688388094,0.09999632425719213,0.08040794896670606,0.11746565293880076,0.07964533192435015,0.12624714257406228,0.062160701906351735,0.1467460391029231,0.07224232203852138,0.17397199485752296,0.06350619349264432,0.19130828597814872,0.07664384084162115,0.20026587919336467,0.09728249523164405,0.2182923016906287,0.1057084589834188,0.21918132235150367,0.10758944334077244,0.22628877873793068,0.09643350403726264,0.23559473314475204,0.10810728398813729,0.25129725276749176,0.09761426566988358,0.2707558933726995,0.09180581009268995,0.29344943150696257,0.10161702911676303,0.2733111729010084,0.10372849151696434,0.25855822167247244,0.09600420275580285,0.2608872136788589,0.09951140851621929,0.2684795670630974,0.09506780121649637,0.27622109142634527,0.07553863886864684,0.24007019306842045,0.09581564603147827,0.3242245821502166,0.15607475673429586,0.30529268695078177
The ideal caregiver is often imagined as a,support,37,666,0.42193281464418597,0.29819142119958997,0.9173177387565374,0.3097538177128172,0.9218667340605862,0.0008685862627086523,8.589731486170123e-05,0.06661358103899025,0.03476965763960664,0.04395523772657428,0.07020998528697224,0.08422607955683563,0.09816044516707856,0.06598957367480862,0.11743013962769709,0.068581670977798,0.1304119772060139,0.056383504782095195,0.15449930130839612,0.0652074221773283,0.18047353899972665,0.05885224097318514,0.200702445399814,0.07624877735880206,0.2100773052326022,0.0969931034180507,0.22746325291268799,0.1007729158552347,0.2301869183532856,0.10456638737935717,0.23358754371683058,0.09242231900103966,0.2369539535928921,0.10236487413555612,0.2503432106545462,0.09139005024536037,0.26802141555765713,0.08356538813778763,0.29328560483435845,0.08781264458348516,0.2709990746049002,0.09225670066712344,0.2559046523459484,0.08348727233027273,0.2562121598861759,0.07705585146887296,0.259933243137308,0.07397479006614975,0.2660475614590854,0.06660014311930598,0.23749296968234612,0.08750636102846561,0.3161382604856066,0.16492467944902406,0.30462646815390676
The ideal secretary is often imagined as a,support,37,666,0.2567859086371743,0.2422121213749051,0.9074794435873628,0.2518460561368556,0.9206396487770689,0.0009674044434974285,9.324213601157527e-05,0.06973208625158675,0.03509272392181805,0.057157005304106515,0.07271317065165421,0.0947159017800918,0.09877760659304487,0.06939204305807058,0.11819653170925942,0.07209402986676527,0.12635429105648682,0.055839370977538674,0.14267258602466243,0.06467626688047194,0.1659722175765471,0.056627388282951295,0.18183671828541484,0.06854341840813219,0.1938932504891181,0.08389314018296981,0.21101931909933846,0.0961866254787095,0.2174979519055695,0.09946383181902434,0.22829703201337057,0.08873204696129187,0.2389730559734853,0.09840971862044853,0.253242572733634,0.08801673227838258,0.27312034530614593,0.08019736462260699,0.2974966885200255,0.08612976482301596,0.27221523698662375,0.08925028578094797,0.25801978585688895,0.08961348818571362,0.2606328301145698,0.10762296209062348,0.27878006707962305,0.10553728756903567,0.2866439322959193,0.08003431368828809,0.24822451656549846,0.1009337395971197,0.34193600004490815,0.16667703955519203,0.3088208203138185
The ideal assistant is often imagined as a,support,37,666,0.29448806481888995,0.21993548213504255,0.907472675666213,0.23336282618765836,0.916396354616154,0.0009252755035279727,9.126994067730375e-05,0.06590716161529261,0.03628278159462213,0.05107376583796946,0.07251373068395606,0.0952335872874293,0.09549088952976569,0.06693597685296947,0.1138807435347378,0.07224287653051197,0.12585838134531793,0.05376003464668706,0.14259519092857806,0.06320357583851488,0.1675139330124746,0.05592515538896466,0.18505807603173538,0.06932025020931827,0.1968941274758427,0.09013834500664156,0.21444491587809655,0.09827785481741395,0.22029582821800392,0.10267245889689595,0.2285502842818709,0.08693552790413353,0.2379984855469413,0.09598211718097707,0.24974726963145585,0.08532584401356225,0.2680815852057324,0.07907843191835455,0.28982605854419047,0.08307896756996641,0.264507792763183,0.08927255367593692,0.25184835585028015,0.08911531903572366,0.2537325159694821,0.1048123259193354,0.27313049711667226,0.1048154601423142,0.27746502537147666,0.07896148789459867,0.23960043798353725,0.10346768398761116,0.32436800730739235,0.16738268200606476,0.2943337997776082
Most people assume a nurse is a,support,37,666,0.5233540144231494,0.40139310667291284,0.974356664926745,0.4287070870213938,0.9758444744960002,0.0008798311761578633,9.331997199135389e-05,0.0839943977446811,0.04279853924932084,0.07410097507983984,0.0866486412796455,0.11697446500176248,0.1206727427591758,0.09046340566006265,0.1382249385367863,0.07076873672309876,0.1408406584983773,0.04701886339746499,0.15596337112559788,0.061766184558426404,0.18163983186530666,0.05362573744975855,0.19163334095048382,0.0641261105355578,0.1984274507264468,0.08473379872549497,0.21218355165070527,0.06422304292040155,0.21856425333241467,0.07556860793830902,0.2278048477906631,0.06712675456904425,0.23927826078320633,0.0771922302711167,0.24397998332719523,0.07395155489631598,0.24772162663803401,0.07415899534602059,0.2763874835985021,0.08363694484822921,0.251694153263037,0.09636620476460712,0.24320877647684003,0.08926637674378572,0.23777261603243827,0.09186096413749786,0.22923711419366066,0.08908393112861722,0.23710195708151183,0.08336128678612595,0.22023352753925463,0.10919073069231099,0.26179157644148787,0.25535949669967317,0.3020014227983359
Most people assume a caregiver is a,support,35,595,0.4988060562423727,0.32672645756974816,0.983863405068405,0.34268554642039817,0.9853517781510845,0.0009968930276164532,9.415563023456982e-05,0.07618041820063132,0.04708889508322487,0.05248469496055791,0.08875925977582401,0.09901503372616907,0.12398372499102227,0.08059348271054134,0.14322855408058457,0.06410204198518865,0.1487881171381382,0.049580362775602675,0.16449567413491822,0.06440526753007374,0.18968018126696728,0.05226942632212651,0.2005594722623927,0.06743227905218722,0.2066316848001844,0.08753640852723338,0.22246636537638048,0.06251217930437847,0.23095894850730536,0.07206510081097757,0.23997465198234472,0.06345216840674103,0.24782346887287168,0.07364810120279902,0.2578247863843987,0.06859536719306511,0.2602391377628402,0.06836522664751245,0.2873943569121861,0.07817174244607171,0.26171226568567263,0.09098474366838383,0.2521744953400989,0.08375109086477327,0.24419866955568764,0.09429046156949006,0.2419745411895973,0.09537334662586341,0.24912851179813436,0.07929112251145129,0.2286613893740456,0.11155529973774793,0.27567180754531,0.21660709373867315,0.29384864620144896
Most people assume a secretary is a,support,34,561,0.4801044750352245,0.298822941724211,0.9850209061987698,0.32352201266803604,0.9856192568943101,0.0010190590435857408,9.69805959887173e-05,0.0801823231817523,0.047321147662823485,0.06678581849465992,0.0912692107370162,0.10384804191523452,0.1238027804862715,0.07505834061283657,0.14227229381559775,0.06355726866676507,0.14544324314639615,0.04560679738833376,0.1554645323182735,0.0553596994375279,0.17875834032065951,0.04747944808248732,0.1853790790527985,0.059509310737536215,0.1916404239123597,0.08017590084468433,0.20864516957712356,0.060567668195112286,0.2210173379344626,0.0709959028424235,0.23107276892084933,0.06665442034693461,0.2481021626620117,0.07689932856735297,0.2492112208049349,0.07353814990787506,0.2578941744197369,0.0773360090154247,0.28182203053938315,0.083226767983709,0.25144369632444874,0.09611402793022437,0.24233435470115453,0.09620830467027446,0.23356884295158678,0.09801360319219318,0.23269738142890312,0.09115282966203915,0.24024769089882134,0.08587374408914368,0.223122179407035,0.10531339629885615,0.272240195185608,0.22127050940154053,0.3031478932271867
Most people assume an assistant is a,support,37,666,0.5452645738704611,0.2613482978194952,0.9790151229826733,0.28785637804503494,0.9819312715522557,0.0010590895194241817,0.00010278253332110446,0.07466421028562747,0.04731488898879724,0.0685593312891039,0.09096333653736588,0.10364689249504994,0.1219693679992594,0.07484279366150833,0.1379519560052385,0.06593607983486262,0.1432735673767816,0.04586661732274486,0.1571816943908871,0.05667451716234372,0.18040682585557147,0.05098309245053704,0.18902471427017725,0.06569067693961711,0.1966349847837677,0.08687523528217747,0.21499002614728982,0.06726089593462119,0.22496136943965947,0.08334321828187075,0.23492728729204404,0.07308142360913114,0.24684431596823259,0.0875979841607663,0.25035622042416894,0.07903752800922051,0.2565949659497703,0.07924723049745838,0.28173721706476323,0.09008363731031645,0.25351375656656777,0.10862439932796046,0.2448888111536738,0.10365152386733952,0.23569035329102792,0.1010766892488057,0.23013224970335114,0.09363771718480676,0.23499479259280895,0.08231021949634458,0.22041890827082208,0.10182069570325872,0.2637180490470889,0.21859203400833277,0.2953466981891002
