slug,label,metric,layer,depth_norm,n_seeds,diff_mean,diff_std,ci95_lo,ci95_hi,excludes_zero,diff_seed_42,diff_seed_43,diff_seed_44
gptneo,GPT-Neo-125M,relational,0,0.0,3,-1.3497148771159739e-06,1.176831088816835e-06,-4.273125365206076e-06,1.5736956109741277e-06,False,-1.3381539978026214e-07,-1.432190774982145e-06,-2.4831384565855146e-06
gptneo,GPT-Neo-125M,relational,1,0.08333333333333333,3,0.00026962511416426664,0.0004239479162780849,-0.0007835198924800958,0.0013227701208086292,False,0.00044972897888899996,0.0005737860483472999,-0.00021463968474349994
gptneo,GPT-Neo-125M,relational,2,0.16666666666666666,3,0.0004089271504625,0.00018910479681165222,-6.0835206770208834e-05,0.0008786895076952088,False,0.0005370261957125999,0.0004980233105441,0.0001917319451308
gptneo,GPT-Neo-125M,relational,3,0.25,3,0.0001419781738807333,8.829682403147596e-05,-7.736329652363892e-05,0.00036131964428510555,False,0.00018767201387919998,0.00019806403461099996,4.019847315199997e-05
gptneo,GPT-Neo-125M,relational,4,0.3333333333333333,3,0.00011834743884216669,5.759564501647085e-05,-2.4728074975833496e-05,0.0002614229526601669,False,0.00012884883771820002,0.00016996983314010005,5.62236456682e-05
gptneo,GPT-Neo-125M,relational,5,0.4166666666666667,3,0.0001385420177710667,5.585740316597508e-05,-2.1546391397429007e-07,0.0002772994994561077,False,0.00016660019610640004,0.00017480809198740005,7.421776521940001e-05
gptneo,GPT-Neo-125M,relational,6,0.5,3,0.00022973327911490003,3.231907520259128e-05,0.0001494482455952481,0.00031001831263455194,True,0.0002634858883546001,0.0002266444198380001,0.00019906952915209992
gptneo,GPT-Neo-125M,relational,7,0.5833333333333334,3,0.0002758811382312667,4.915562365842695e-05,0.0001537717997567616,0.00039799047670577184,True,0.0003318850904198001,0.00023988270406500006,0.00025587562020899996
gptneo,GPT-Neo-125M,relational,8,0.6666666666666666,3,0.00028170100774986664,3.80595005709718e-05,0.00018715596709113237,0.0003762460484086009,True,0.0003145044162423,0.00023997188995289996,0.0002906267170544
gptneo,GPT-Neo-125M,relational,9,0.75,3,0.00042075289198749985,3.6307702520680006e-05,0.00033055955892886615,0.0005109462250461336,True,0.0004027186167506998,0.0003969931635287,0.00046254689568309983
gptneo,GPT-Neo-125M,relational,10,0.8333333333333334,3,0.0006579621300719998,0.00014347456835490065,0.00030155154414449064,0.001014372715999509,True,0.0005341561563376998,0.0008152014290945999,0.0006245288047836998
gptneo,GPT-Neo-125M,relational,11,0.9166666666666666,3,0.0014287476583040668,0.00018356601319357722,0.000972744402334243,0.0018847509142738907,True,0.0015953659481577004,0.0012319693972509997,0.0014589076295035003
gptneo,GPT-Neo-125M,relational,12,1.0,3,0.007010319835151065,0.0006591873526642852,0.005372807673288849,0.00864783199701328,True,0.006320956646314803,0.007634486243683798,0.007075516615454594
gptneo,GPT-Neo-125M,per_token,0,0.0,3,-2.0158614876663263e-06,4.587930866888227e-07,-3.1555666962003693e-06,-8.761562791322833e-07,True,-1.486917330224845e-06,-2.3059197955904626e-06,-2.2547473371836713e-06
gptneo,GPT-Neo-125M,per_token,1,0.08333333333333333,3,-2.612968314320002e-05,2.5778280679837367e-05,-9.016648232406895e-05,3.790711603766892e-05,False,-2.3575900984100008e-05,-1.723342293700027e-06,-5.3089806151800025e-05
gptneo,GPT-Neo-125M,per_token,2,0.16666666666666666,3,3.898220907549999e-05,1.0052877782314103e-05,1.4009476264836502e-05,6.395494188616348e-05,True,3.0581294949899964e-05,3.624517141060003e-05,5.012016086599998e-05
gptneo,GPT-Neo-125M,per_token,3,0.25,3,0.0001384378714875333,7.324678759187707e-05,-4.3517235834014694e-05,0.0003203929788090813,False,0.00021129680267029994,0.0001392075188252,6.48092929671e-05
gptneo,GPT-Neo-125M,per_token,4,0.3333333333333333,3,-2.744419186696667e-05,6.845022539671834e-05,-0.0001974839781527649,0.00014259559441883154,False,1.2026919407499999e-05,1.212418902559999e-05,-0.000106483684034
gptneo,GPT-Neo-125M,per_token,5,0.4166666666666667,3,-3.890714145333337e-05,3.8597600319212767e-05,-0.00013478889598935638,5.6974613082689644e-05,False,-1.1935667417300056e-05,-2.1665375454600058e-05,-8.312038148810001e-05
gptneo,GPT-Neo-125M,per_token,6,0.5,3,-8.29386291145e-05,6.586843128491349e-05,-0.00024656488328318884,8.068762505418886e-05,False,-0.00015648099449329985,-6.29689526315e-05,-2.9365940218700152e-05
gptneo,GPT-Neo-125M,per_token,7,0.5833333333333334,3,-4.38133610055333e-05,1.7497893117754247e-05,-8.728053717552318e-05,-3.46184835543416e-07,True,-4.002536219879999e-05,-6.289498858559996e-05,-2.8519732232199966e-05
gptneo,GPT-Neo-125M,per_token,8,0.6666666666666666,3,-0.0002876651043356667,0.00039391542549057214,-0.0012662052680369742,0.0006908750593656407,False,7.838576114889981e-05,-0.0007045161886817001,-0.00023686488547419986
gptneo,GPT-Neo-125M,per_token,9,0.75,3,0.0001104978787542666,7.381860674992778e-05,-7.287770610209647e-05,0.00029387346361062965,False,0.00018700809489349997,3.9703151414499736e-05,0.0001047823899548001
gptneo,GPT-Neo-125M,per_token,10,0.8333333333333334,3,0.00041804111806469985,0.00014837568317031328,4.9455487994605886e-05,0.0007866267481347938,True,0.0005871000551798001,0.00030943572393010016,0.00035758757508419937
gptneo,GPT-Neo-125M,per_token,11,0.9166666666666666,3,0.0010940160334407996,0.0002382305465320922,0.0005022185487095376,0.0016858135181720617,True,0.001368236213006,0.0009380310094754991,0.0009757808778408997
gptneo,GPT-Neo-125M,per_token,12,1.0,3,0.0017154873944979683,0.0022158768709546924,-0.003789055905235903,0.007220030694231839,False,0.0020088255145613854,0.0037700849852199125,-0.0006324483162873928
gptneo,GPT-Neo-125M,cka_change,0,0.0,3,-1.2991214581870025e-07,8.508356307020404e-08,-3.412714334914818e-07,8.144714185408128e-08,False,-3.2908963776279165e-08,-1.6492301002646315e-07,-1.9190446365335845e-07
gptneo,GPT-Neo-125M,cka_change,1,0.08333333333333333,3,2.373989078467235e-05,0.0004061168072615289,-0.0009851101855093318,0.0010325899670786767,False,0.00032907989654717973,0.00017930108652064458,-0.00043716131071380726
gptneo,GPT-Neo-125M,cka_change,2,0.16666666666666666,3,0.0006208087914255644,0.001261720361118256,-0.00251347833931154,0.003755095922162669,False,0.0007122975190241299,0.001834294600867925,-0.0006841657456153616
gptneo,GPT-Neo-125M,cka_change,3,0.25,3,-0.0013641621917220108,0.0022744259343576365,-0.007014149427842797,0.004285825044398775,False,2.800571209460312e-05,-0.003988824564790772,-0.0001316677224698637
gptneo,GPT-Neo-125M,cka_change,4,0.3333333333333333,3,0.00034766356077779265,0.004701217110406272,-0.011330807154308344,0.012026134275863928,False,0.002778553883184376,-0.005071294595468956,0.003335731394617958
gptneo,GPT-Neo-125M,cka_change,5,0.4166666666666667,3,0.00172186692498059,0.0038858578244856334,-0.007931139039324268,0.011374872889285447,False,0.004834890052418772,-0.0026331632268744576,0.0029638739493974553
gptneo,GPT-Neo-125M,cka_change,6,0.5,3,-0.003409718909744249,0.0019466986218513328,-0.008245586369697541,0.0014261485502090423,False,-0.0015251012606879444,-0.005413063908004001,-0.0032909915605408013
gptneo,GPT-Neo-125M,cka_change,7,0.5833333333333334,3,-0.002249351278393615,0.002450240556944241,-0.008336086248758937,0.0038373836919717067,False,7.513057102981335e-05,-0.004808469751665045,-0.002014714654545613
gptneo,GPT-Neo-125M,cka_change,8,0.6666666666666666,3,-0.012287253900987541,0.008025841968219368,-0.03222455060278977,0.007650042800814683,False,-0.004255934393553429,-0.02030760709190582,-0.012298220217503375
gptneo,GPT-Neo-125M,cka_change,9,0.75,3,0.0027982288776365882,0.004178535626058676,-0.007581829050948044,0.01317828680622122,False,0.006746478065756567,-0.0015776984226472113,0.003225906989800409
gptneo,GPT-Neo-125M,cka_change,10,0.8333333333333334,3,0.006427564351765946,0.005157963107809957,-0.006385526320161702,0.019240655023693595,False,0.012035393216653256,0.0018861876929325838,0.005361112145711999
gptneo,GPT-Neo-125M,cka_change,11,0.9166666666666666,3,0.00040145563815071245,0.005397915027917665,-0.013007708647523394,0.01381061992382482,False,0.004416693513171754,-0.005734829579633227,0.00252250298091361
gptneo,GPT-Neo-125M,cka_change,12,1.0,3,-0.0016072995927887874,0.0035524786793936463,-0.010432145850459556,0.00721754666488198,False,-0.004185362148313776,-0.003081472951385389,0.0024449363213328024
pythia,Pythia-160M,relational,0,0.0,3,2.4615326000366642e-05,1.370429371579589e-05,-9.428026831944983e-06,5.865867883267827e-05,False,2.537118701869995e-05,3.792604669720001e-05,1.0548744285199967e-05
pythia,Pythia-160M,relational,1,0.08333333333333333,3,-0.0118985333539849,0.0014253141199901303,-0.015439209910542618,-0.008357856797427182,True,-0.010255211131055098,-0.012641840177998298,-0.0127985487529013
pythia,Pythia-160M,relational,2,0.16666666666666666,3,-0.0427742804928238,0.0035726184183959213,-0.051649156635654926,-0.033899404349992675,True,-0.03866191014891861,-0.04511314919699679,-0.044547782132555995
pythia,Pythia-160M,relational,3,0.25,3,-0.024793184493587302,0.004136611273105774,-0.035069096555960896,-0.014517272431213705,True,-0.022657262556588703,-0.0295611361288413,-0.0221611547953319
pythia,Pythia-160M,relational,4,0.3333333333333333,3,0.0004461342346650012,0.007644687789104789,-0.01854432299680746,0.01943659146613746,False,0.0069169069916903,0.0024105628853713992,-0.007989067173066695
pythia,Pythia-160M,relational,5,0.4166666666666667,3,0.004760080851113633,0.01469326767142832,-0.031740019480323414,0.041260181182550676,False,0.007639617837661997,0.0178004130108586,-0.011159788295179697
pythia,Pythia-160M,relational,6,0.5,3,0.008946224687937364,0.01638540293022998,-0.0317573726532713,0.04964982202914602,False,0.008850267906403302,0.025379395278005798,-0.007390989120597005
pythia,Pythia-160M,relational,7,0.5833333333333334,3,0.009670306510127165,0.006879047187637475,-0.007418194029593135,0.026758807049847462,False,0.011007067943671692,0.015782861706787797,0.002220989879922003
pythia,Pythia-160M,relational,8,0.6666666666666666,3,0.0155338539453704,0.014162289184876175,-0.019647222703494345,0.050714930594235146,False,0.0275738914856214,-6.993010662999927e-05,0.0190976004571198
pythia,Pythia-160M,relational,9,0.75,3,0.009851473180170467,0.005515207320532558,-0.0038490613128859524,0.023552007673226884,False,0.004817160258415998,0.0157463924869041,0.008990866795191302
pythia,Pythia-160M,relational,10,0.8333333333333334,3,0.0073167587393374355,0.015397965920585507,-0.03093390908823541,0.045567426566910284,False,0.024862265628805405,0.0010367438459233935,-0.003948733256716491
pythia,Pythia-160M,relational,11,0.9166666666666666,3,-0.0017964223975673644,0.01581715833934354,-0.041088421921056884,0.03749557712592215,False,0.0142653377426359,-0.0022975352846281993,-0.017357069650709794
pythia,Pythia-160M,relational,12,1.0,3,-0.0006049148355796005,0.0006674787736170154,-0.0022630240289144895,0.0010531943577552886,False,-0.0011912286549857006,0.00012149141585329933,-0.0007450072676064004
pythia,Pythia-160M,per_token,0,0.0,3,5.321734005164383e-06,3.920223025373571e-06,-4.4166398506380756e-06,1.506010786096684e-05,False,9.428322437041102e-06,4.917711494267779e-06,1.6191680841842656e-06
pythia,Pythia-160M,per_token,1,0.08333333333333333,3,-0.0038924904215990336,0.0005765700050288439,-0.005324769714555262,-0.002460211128642805,True,-0.0042135015870643985,-0.0032268642152190018,-0.004237105462513701
pythia,Pythia-160M,per_token,2,0.16666666666666666,3,-0.015455151502014867,0.006296420991118989,-0.031096328335109936,0.00018602533108020083,False,-0.009851687299279502,-0.022268841852654507,-0.014244925354110594
pythia,Pythia-160M,per_token,3,0.25,3,-0.01081876263689866,0.00710034332963969,-0.02845699326843152,0.006819467994634199,False,-0.0037788125879900936,-0.017977996223259893,-0.010699479099445991
pythia,Pythia-160M,per_token,4,0.3333333333333333,3,-0.003154766243234695,0.017431419927509212,-0.04645681385451653,0.04014728136804714,False,0.016795005175404304,-0.015444682394515186,-0.010814621510593203
pythia,Pythia-160M,per_token,5,0.4166666666666667,3,0.005869219040410836,0.00933326205520877,-0.01731588920458166,0.029054327285403334,False,0.015164482829796197,-0.0035015827544130906,0.0059447570458494026
pythia,Pythia-160M,per_token,6,0.5,3,0.039291696690392605,0.0018822775298121708,0.03461586009460593,0.04396753328617928,True,0.038512515946186904,0.0379241226634906,0.04143845146150031
pythia,Pythia-160M,per_token,7,0.5833333333333334,3,0.057692234796932806,0.022391474769411803,0.00206872790053092,0.11331574169333469,True,0.0416206753288661,0.04818786417392812,0.0832681648880042
pythia,Pythia-160M,per_token,8,0.6666666666666666,3,0.0451879119544325,0.03401161793205912,-0.039301630788239325,0.12967745469710434,False,0.00974915721320102,0.04824914649761278,0.07756543215248371
pythia,Pythia-160M,per_token,9,0.75,3,0.058948166984713134,0.04662428980786801,-0.056872989610588336,0.1747693235800146,False,0.011651656333524413,0.06032301978050619,0.10486982484010879
pythia,Pythia-160M,per_token,10,0.8333333333333334,3,0.04583703410081049,0.006560990149659682,0.02953863104361843,0.06213543715800255,True,0.05022234529188513,0.0489944603796007,0.038294296630945635
pythia,Pythia-160M,per_token,11,0.9166666666666666,3,0.04211282606782637,0.11654207028580367,-0.2473937257345961,0.3316193778702488,False,0.03726515338142422,0.16100309190315765,-0.07192976708110277
pythia,Pythia-160M,per_token,12,1.0,3,0.0003837558998453008,0.0011849077873340066,-0.002559718219617745,0.003327230019308346,False,-0.0009528744281098993,0.0007989485850156009,0.0013051935426302008
pythia,Pythia-160M,cka_change,0,0.0,3,-7.247350977124256e-07,4.863148877422371e-07,-1.932808250138545e-06,4.833380547136937e-07,False,-1.2815504579766213e-06,-5.093326631566697e-07,-3.833221720039859e-07
pythia,Pythia-160M,cka_change,1,0.08333333333333333,3,0.00010324534753040442,0.0002998752149112732,-0.0006416859826499242,0.000848176677710733,False,-3.596560080754152e-05,0.0004474239056228013,-0.00010172226222404657
pythia,Pythia-160M,cka_change,2,0.16666666666666666,3,-0.003308941531819191,0.0036822451320368205,-0.012456145528220929,0.005838262464582548,False,8.169095693744133e-05,-0.007226112340981139,-0.0027824032114138753
pythia,Pythia-160M,cka_change,3,0.25,3,-0.004461252772500386,0.016375576345054155,-0.04514043952289605,0.03621793397789527,False,0.007328279965099438,-0.023158936348112724,0.0024468980655121264
pythia,Pythia-160M,cka_change,4,0.3333333333333333,3,0.013614002976091869,0.010483547030362514,-0.012428571554939835,0.03965657750712357,False,0.023501527023355173,0.014718580352569566,0.0026219015523508693
pythia,Pythia-160M,cka_change,5,0.4166666666666667,3,0.012297944984659859,0.009735469590092822,-0.01188630216568825,0.03648219213500797,False,0.02032122112216217,0.0014672418659431585,0.015105371965874248
pythia,Pythia-160M,cka_change,6,0.5,3,0.01945143050280033,0.010830354064200066,-0.00745266045968751,0.04635552146528817,False,0.03153954495945088,0.016183104856981156,0.010631641691968952
pythia,Pythia-160M,cka_change,7,0.5833333333333334,3,0.01865923061526198,0.01567212109194588,-0.02027247641235854,0.0575909376428825,False,0.0006311127849901732,0.029035495514818654,0.02631108354597711
pythia,Pythia-160M,cka_change,8,0.6666666666666666,3,0.03289507340650263,0.012684895544897105,0.0013840460138099739,0.06440610079919529,True,0.01946240622469575,0.03455382217141878,0.044668991823393345
pythia,Pythia-160M,cka_change,9,0.75,3,0.03686732909363336,0.014453833248498716,0.0009620168416869246,0.0727726413455798,True,0.023515820373810503,0.05221581121093333,0.03487035569615626
pythia,Pythia-160M,cka_change,10,0.8333333333333334,3,0.008454801943246548,0.0036178771394942467,-0.0005325030954505192,0.017442106981943616,False,0.009456699957909098,0.011466143537878115,0.004441562333952431
pythia,Pythia-160M,cka_change,11,0.9166666666666666,3,0.01118130119995934,0.017928414309494958,-0.03335534889814134,0.055717951298060016,False,0.01074974018511854,0.029321599998557213,-0.00652743658379773
pythia,Pythia-160M,cka_change,12,1.0,3,-0.010028586834840056,0.02848188111906936,-0.08078150182430993,0.060724328154629824,False,-0.04266480711253984,0.009807391489416006,0.0027716551186036664
