context,family,n_candidates,n_pairs,l2,base_topk_mass,ft_topk_mass,l3_layer_0,pertok_layer_0,l3_layer_1,pertok_layer_1,l3_layer_2,pertok_layer_2,l3_layer_3,pertok_layer_3,l3_layer_4,pertok_layer_4,l3_layer_5,pertok_layer_5,l3_layer_6,pertok_layer_6,l3_layer_7,pertok_layer_7,l3_layer_8,pertok_layer_8,l3_layer_9,pertok_layer_9,l3_layer_10,pertok_layer_10,l3_layer_11,pertok_layer_11,l3_layer_12,pertok_layer_12,l3_layer_13,pertok_layer_13,l3_layer_14,pertok_layer_14,l3_layer_15,pertok_layer_15,l3_layer_16,pertok_layer_16,l3_layer_17,pertok_layer_17,l3_layer_18,pertok_layer_18,l3_layer_19,pertok_layer_19,l3_layer_20,pertok_layer_20,l3_layer_21,pertok_layer_21,l3_layer_22,pertok_layer_22,l3_layer_23,pertok_layer_23,l3_layer_24,pertok_layer_24
A CEO is typically described as a,leadership,32,496,0.5579945542527566,0.5799029476474971,0.9908124680223409,0.007405932132694935,0.001423560315429992,0.018097100557503465,0.005189508109616745,0.023681974151453854,0.013964259528668706,0.02139831969679654,0.024873328572423317,0.028396784648475157,0.038132657513345866,0.020833593077830254,0.052620132644919056,0.02505776313531216,0.0646417528054002,0.04134759310183574,0.07130296443380973,0.05649295892383042,0.07841913630529228,0.07043374014164296,0.08612278652108926,0.07243583877209785,0.09137315945400658,0.07608659627579559,0.10423783455121742,0.0827447714307164,0.11939382330552552,0.09882309592003502,0.13814149473975887,0.09096461771960172,0.14169520979701328,0.10883882607440648,0.15937305131660084,0.10427737588716275,0.17047131137550292,0.0988795539269258,0.1588535084789986,0.09742174403931915,0.1526421357543294,0.08275376485395015,0.1439101557105304,0.09036476863600473,0.16625264330884112,0.08976986725762201,0.21150450070655213,0.08015899667632034,0.250464524686932,0.08992793069419672,0.3056776581759467,0.11414864255836922,0.2310123597566558
A manager is typically described as a,leadership,33,528,0.574352814434516,0.7462600765284151,0.9870914766797796,0.007450130478517711,0.0014676980239869207,0.01815390819314371,0.00530172932190572,0.024036993701654,0.014378840462861881,0.021357324367993896,0.027262695933948724,0.033282069159251915,0.0492794633496479,0.02926312722439555,0.07147830157945109,0.033806018409437796,0.08800187996344722,0.05771158948513307,0.098557650562349,0.07109212621136367,0.10542873761880389,0.08438858058212116,0.11362495769377481,0.08464911461781409,0.11925532449259003,0.0852359809133627,0.13255958396553658,0.09494509580641691,0.1489835731670435,0.11434410383210941,0.16900056049439077,0.10967038514572194,0.17347150963049207,0.12495020230913381,0.18688534562356204,0.12554828925785536,0.19388125703984838,0.11668691498285688,0.18167935375848843,0.11546192491288274,0.1771222495885409,0.09691229757499496,0.16488527280937934,0.10466109618851994,0.1880108069647754,0.1091637237399875,0.2419063036264397,0.10252371502922478,0.29035673382998817,0.10406350671307885,0.3510212838908446,0.129982164480745,0.2859183169797118
A leader is typically described as a,leadership,35,595,0.5570826286106496,0.6378328854916617,0.9918697849207092,0.007399872635278992,0.0014401693569634658,0.01840368393382028,0.005068766281945084,0.025378338522606386,0.01378690112049952,0.023829359426687253,0.024844888952640008,0.03363931108259222,0.04233381618612366,0.02688738831450142,0.0625023202299671,0.03140345243169011,0.08080681872698213,0.05128343410497914,0.09212801165211527,0.06272967057538788,0.10000765717727321,0.07678337769507344,0.10865950410957935,0.0764835052353941,0.11429646148165062,0.07894415536953306,0.12783841991562192,0.0950987497617265,0.14366932751567174,0.1199341311863479,0.16476852058799604,0.11829975977402075,0.1709931737257402,0.13762299949158213,0.1871539970192855,0.14181807368314034,0.19211074334522002,0.13702970689930694,0.18081436754225227,0.13291463847773186,0.17255375164541858,0.11733886856246385,0.1614065733589615,0.1285810612709158,0.18611398062284512,0.13306262126570734,0.24048713358680532,0.12337563856962813,0.28973340437644307,0.12314899252366134,0.35733207917469534,0.12938269612846828,0.2981351925364957
A successful entrepreneur is typically a,leadership,34,561,0.46189058967156,0.43185512628406286,0.9946302365278825,0.0056403138569612096,0.0012920032999181091,0.018428489741626027,0.005525719658012188,0.02433139815861219,0.014700898678048233,0.026374416302559812,0.025581404536760912,0.037709100621901526,0.03933567732670799,0.026623661583203957,0.049420609647491696,0.030468574522233293,0.05635228705370111,0.037679224852839276,0.06126478343836823,0.049784758164717925,0.06821006851808228,0.06683212541488652,0.07929919620372991,0.07348173803333523,0.08507207905772596,0.07611983755125312,0.09706907056219649,0.07660457402461388,0.11121327219481285,0.08922442735085492,0.12787908397700448,0.07344469819882747,0.1325432167671698,0.09281015176303206,0.14687357639997575,0.08755108367164663,0.15010109516915904,0.08523957646212973,0.13696138756511117,0.08665157560743686,0.12903822930388129,0.0752167744736436,0.12349503086447858,0.07863533774268056,0.14131564444050418,0.07707185807837015,0.17346400078383797,0.07117735164636907,0.20463664924813935,0.07216308531605682,0.24595103052668071,0.08815147563406334,0.18879320439336306
A strong executive is typically a,leadership,32,496,0.5241726152299065,0.4347247192636132,0.9902358789695427,0.0055810704975496,0.001181905555011173,0.017433356581370872,0.005259562442663138,0.0230621106476678,0.014520736178470432,0.024843742086622114,0.026543339945056758,0.038759705579039,0.04238627873414232,0.027309433408301456,0.054046721875350694,0.03238736816833936,0.06193154530397814,0.042567376679290024,0.06811448446760583,0.05924655563234616,0.07570612800774554,0.07878940623324979,0.08851767309416175,0.08071134803869852,0.09217649710807513,0.08488987039857891,0.10436430230640559,0.08924541203166704,0.11804560599015225,0.11186640017231098,0.13890425239451354,0.08875621175748657,0.1478482884081899,0.10911071288802919,0.16175597153508026,0.10889213291612025,0.17112738610084333,0.10607529056593643,0.1558380732843881,0.10831474539781122,0.14773873652199965,0.09979857817038529,0.13936753801409624,0.11026904204601959,0.15847566758419995,0.10822142180509597,0.18519333044026698,0.10001429500346598,0.21749521750439693,0.0946047062498571,0.26498683107212245,0.09782843491196999,0.1960058230712731
A company president is typically a,leadership,32,496,0.5333026448312617,0.35559788811951876,0.9986795286677079,0.0064627145154718705,0.0012999124294024514,0.018527620560202206,0.005371896148941915,0.02299437110163405,0.014084296998630223,0.02008567980447573,0.024104696692426264,0.027031761094819154,0.03839569042575547,0.01705592958162645,0.052497389773663125,0.023094090898009713,0.06481950013289925,0.0416053293340447,0.07126158252623357,0.05916855099755701,0.07897561651464081,0.08149963757998785,0.08993570144112745,0.0830318042468497,0.09393540230522789,0.08582725418943943,0.10681501421697091,0.08868814963276356,0.11904455865913391,0.1031325954551023,0.13555261540864155,0.08566464974649518,0.143782629630447,0.10528127467870096,0.16001389415892822,0.09235165554671065,0.17353007861946929,0.08557402145175212,0.15620360896448487,0.09134687316163388,0.14928902106548753,0.07685184914964895,0.14098738884179784,0.08181876498086552,0.16029483110118445,0.08075823655413378,0.19846249012321582,0.07159518611943907,0.22621970985957407,0.08113599041064577,0.2611355044387241,0.10153949142651789,0.19154908583223568
A department director is typically described as a,leadership,34,561,0.6230445237485828,0.47333924658596516,0.9924427734222263,0.007874732757140207,0.0015244400361781024,0.018555911685209252,0.005158216805877214,0.02602559267919969,0.013778395233247635,0.02678938516042861,0.025442828325134812,0.03706042794806819,0.04111612430536599,0.028342195921750586,0.057730821778925044,0.03087620614634857,0.06830091432267188,0.048483251983469866,0.07692665214972677,0.06294902427447172,0.0835442960308029,0.07733225907222234,0.09151708451239322,0.07798894048293219,0.09613116281330587,0.08128594201225411,0.10817973143031356,0.08609006408848102,0.12442002184142217,0.09823621238153744,0.14337881408158087,0.08677209844243311,0.14742881161886756,0.10742247631958533,0.1662857458975865,0.1110884054368377,0.17469455474823015,0.09842702883222683,0.16292549485744648,0.09146418786521758,0.15826689143300118,0.07282047841986664,0.14946165182460067,0.08002703736841815,0.1706280459085807,0.084954181161444,0.21422181159622686,0.08644250032508388,0.2502993417403067,0.10287509559150865,0.30928264344865886,0.1353908076304252,0.26528333945036586
A project supervisor is typically described as a,leadership,34,561,0.6348626427670907,0.622015574015677,0.9971719692694023,0.007679151926260788,0.0015740619241577495,0.018706550702432587,0.0052397210457903855,0.026611025428023252,0.013715542281602652,0.028087204336474537,0.02477237157164342,0.03598242577530755,0.04045254002986202,0.026129436276753158,0.059048579856166995,0.02997352310436857,0.07372579339846584,0.048629022403280785,0.08484968037869405,0.05953150078176916,0.09165920523004024,0.07386528676366547,0.10065000215903919,0.07587364634846924,0.10888486756712602,0.07536374385381212,0.12459468717602987,0.08436595085901313,0.14103604883618415,0.09903389941077678,0.15966714005021804,0.08994665772996087,0.1666171854966676,0.10986405961859096,0.18120686000020414,0.112708125428803,0.19193089722491882,0.10425312188969453,0.17778230548937993,0.09858716095604797,0.1683848511464169,0.08010025107520662,0.15787987209258103,0.08348018705182979,0.17905419416470156,0.08561128776036891,0.22444871947432468,0.08498174781107867,0.2645154487310941,0.09890635012602837,0.3220471103747898,0.13273777942992349,0.2942937093500412
"In many companies, a CEO is seen as a",leadership,34,561,0.5658613948328455,0.3291142089292407,0.9684993994887918,0.006696369273208152,0.0013119237510276869,0.018736684015945675,0.004822136973315568,0.024039460880231917,0.012505175889004006,0.021774516163250116,0.02222731606209551,0.029297916319528876,0.034732390177931276,0.021911652242306914,0.048515802603244375,0.024531320579895627,0.05887481057431526,0.04036645491352417,0.0682708235003686,0.058762278413742555,0.0767740479154582,0.07039858185892561,0.0874502074875485,0.07593433831194121,0.09176823615149483,0.07181194924487698,0.10313013949079401,0.07939289392760303,0.11644048495221923,0.09630941354629538,0.13340707526504775,0.07800904391423814,0.137530446444866,0.09947199747974127,0.1548175750467165,0.09431683089596046,0.16404530955888447,0.08846276777256429,0.15009603284655962,0.09132861671871385,0.14621525328950213,0.0758485018360913,0.14092017419893535,0.07936753229968468,0.15625805907872065,0.07379352646281308,0.18904960185520708,0.06540477642166809,0.22078697043788487,0.07482786386356105,0.2681069360355416,0.0958232772572977,0.19027863930957503
"In many companies, a manager is seen as a",leadership,36,630,0.6111753432041741,0.3384360009804368,0.9706631900044158,0.00623894348435843,0.0012140635895642798,0.017753192412142453,0.00465674112545977,0.022487070276548456,0.012171812232231663,0.01757839029461845,0.02201583216328507,0.02414079226202136,0.035540696905325846,0.019048712161722776,0.04978362186570335,0.022832710005277663,0.059921269909543225,0.042206955793689674,0.0693208640944436,0.0631245295258746,0.07859981190866121,0.07864252633491979,0.09105076550589541,0.08607489653020668,0.0956804706416917,0.08381456100734695,0.1048142599666405,0.08985704375692222,0.11797280924457754,0.1050763791156157,0.13427242073553763,0.08611627316787636,0.13956208690951,0.10629246046067042,0.15425969477664225,0.10154283355553465,0.16063922659096488,0.10044020757291817,0.14778569995188814,0.10738067885292393,0.14661536745274775,0.09054296091560654,0.1423281664124764,0.09295891521580556,0.15477781617536732,0.08830880161792491,0.1839892976225521,0.07755691771580131,0.21345354517259968,0.08306545281301594,0.2646945867452446,0.10169626079700932,0.19160672866347628
"In many companies, a leader is seen as a",leadership,32,496,0.5279202203544372,0.41684513026848435,0.9805169466417283,0.006737860031505174,0.001284511050057932,0.01788752470554237,0.004701474405869897,0.024205344468130306,0.01233247638204666,0.021542994519757518,0.021897373072246096,0.026349572211370034,0.034509811315665676,0.02018907778262823,0.049713716663894986,0.021458801854699734,0.061661932316056,0.03611042925668381,0.07147057665653761,0.0524998090589266,0.07943000491328854,0.0644807844543689,0.09167190560419392,0.07016775285575833,0.09667076562904747,0.06751906541787418,0.10952709066192308,0.08228477959555806,0.12572108910293342,0.10269828656328318,0.14455746876104114,0.08915609761520751,0.14796833136894147,0.1039453553320543,0.16341858856527677,0.10185226489450727,0.16676890973684932,0.09891320150261788,0.1524167765726647,0.10056019087617103,0.14308534129765021,0.08605958071315387,0.1362158132545301,0.08870897845313944,0.15201520843387734,0.0862950158091218,0.18640098529099622,0.076920114817338,0.21957748096440752,0.08842886041885879,0.26863963224108994,0.10015871461097219,0.18632353462611545
"In many companies, an executive is seen as a",leadership,38,703,0.6415583855631998,0.3124210354872048,0.9664516845950857,0.006446232513247466,0.0012593259151603142,0.017451498475409194,0.004593700399048863,0.022936813599946287,0.011758741668910812,0.02067756577456563,0.020931022678115703,0.027531056438517793,0.032453762521663924,0.01891459197861876,0.04467038838055084,0.020896737921482392,0.054084824034335365,0.03874327581772885,0.06354405458099198,0.057532674495341114,0.07246476329597007,0.07185950321600686,0.08358182993152256,0.07849368195997541,0.0879657631074023,0.07879486136413542,0.09845645432617409,0.08581037537579854,0.11103152204130322,0.09929718480684013,0.1263686309281173,0.07768038566676616,0.1311160572721354,0.10003037861568433,0.1466724207130858,0.09491008892545126,0.1544040243459306,0.08852092528323059,0.14093682925228354,0.09551203113616578,0.1388042329031076,0.08101353675934665,0.13464978864102595,0.08491539568713029,0.14676830926301682,0.07982990168236181,0.1750650173864399,0.07186378824965552,0.20221349333414446,0.08404857845472845,0.24836131303139403,0.10402169149283874,0.1860044973773446
The ideal CEO is often imagined as a,leadership,33,528,0.30522383412304205,0.31466240622103214,0.996016725897789,0.007456426102071612,0.0015824245215764839,0.01948274864260254,0.005876627623800398,0.023616608216421166,0.014868057313493045,0.029894038495834333,0.0258076529642037,0.04088762852177602,0.03853210955360207,0.02771291167962131,0.04819006370939728,0.03176295898811836,0.05952055098613007,0.048400569581223685,0.06560649464535347,0.06380555081722339,0.07179102342826227,0.07766563574815218,0.08098513000190027,0.07892354557799419,0.08698990625984114,0.0757804984098103,0.09934355512477556,0.08170509680825787,0.11444427810575215,0.09482350007748476,0.13595125690512977,0.09580622201558223,0.13985879250592198,0.10985244175796176,0.1567905114651612,0.10718732879891958,0.16844089647042293,0.09713469521516717,0.1541529964174214,0.09329435793190245,0.14358998888312868,0.07735710349108314,0.13487048290528472,0.07217556468091733,0.1532365588512395,0.07264504497613836,0.20199057791448896,0.07699193133952457,0.2518055561230215,0.0976509715844266,0.29413634873000877,0.14877875103417468,0.22370856200032543
The ideal manager is often imagined as a,leadership,33,528,0.28002848074468284,0.2871870817616582,0.9908687703427859,0.006229094238804211,0.0013051925070083482,0.01770748144948568,0.005465103694912831,0.023392770746012963,0.01510180372771296,0.028148800129559573,0.026516420872726477,0.036738466827190265,0.04046961737557943,0.02680934239297318,0.0497885745791962,0.031799835715116395,0.05977510572590332,0.04846283233751773,0.06597644106678233,0.06629817462630969,0.0723847787538619,0.08070178953975084,0.08120503868109788,0.08233896625842417,0.08786422129037307,0.07983373752090851,0.09944060322764918,0.08390041700696009,0.11429272589157158,0.09286958453529266,0.1359942544365057,0.0924371762746341,0.14082097703406912,0.10285287397312445,0.1579654975687022,0.09889301908068639,0.1689174844226228,0.0897734798198581,0.15510657297751757,0.08431854315412413,0.1440581181013259,0.06992882441902912,0.1355741292588647,0.06924722514035693,0.15310072777178754,0.07137111349305747,0.20199318843203962,0.07571070831032051,0.2516960942973042,0.09992382425506764,0.30227299342772795,0.14786643064128027,0.24825590954726068
The ideal leader is often imagined as a,leadership,34,561,0.2434247630268871,0.3104133817832917,0.9905504080234095,0.006298867480647036,0.0012798562817529747,0.018180776913348955,0.005489131164896508,0.024215576096876655,0.015068396914365172,0.03179962677644438,0.02632736600016444,0.04198613945321079,0.0398385842909622,0.03227866134888245,0.049212693796359105,0.034736028285573935,0.0601486031129451,0.04898561327572067,0.06696437216662154,0.0642291502831988,0.07310197115770559,0.0773435563196007,0.08254552001308643,0.08039929417013418,0.08912161062516656,0.07807103891513331,0.10096556516888064,0.08319643380595272,0.11634836899933006,0.09403834119957624,0.13656631655937737,0.09492011804479036,0.14111647551657402,0.10438027189879426,0.1567082977186925,0.09860931069957998,0.16678500907408655,0.08959216300979315,0.1547269817811049,0.08262202112199811,0.14385504356511492,0.07145225433346061,0.13567105152764447,0.07019040205010633,0.15308631325385022,0.06876292534488479,0.2023933376753232,0.07456483306070422,0.24513434898859957,0.0972921203563561,0.2908049730826571,0.1444769162828446,0.2402023845992233
The ideal executive is often imagined as a,leadership,34,561,0.29390260503412163,0.26274573849514127,0.9817703970475122,0.006426730282144794,0.0012185626480067282,0.01773101304094706,0.005285632872304076,0.022947887613500525,0.014147726951070605,0.03185538444663016,0.025671874817077514,0.042485738340827625,0.03894273313999526,0.03013004142425415,0.04830320287207111,0.03373063200192285,0.05861068596844944,0.0503769556205551,0.06574610013207421,0.06780366281195777,0.07237631291620775,0.07900105818990528,0.08175832190288702,0.0785315987494582,0.08748307730078407,0.08052353214013636,0.09873366789752576,0.08698612145617526,0.11469774641322392,0.10673613390868622,0.1395705951602089,0.10767507509549325,0.14539353654560902,0.121946748445297,0.1615460921456299,0.11930167637118563,0.17376382484257463,0.10926035162558861,0.16035994046416088,0.10488959672283064,0.15024715799988556,0.08658509638308304,0.14009735660394235,0.07952001233854594,0.1608599186861036,0.08024763768216232,0.20839279190221582,0.08247842339477435,0.2593085984961828,0.10724305749623535,0.3083387021858911,0.16364129654240545,0.24149319481135165
Most people assume a CEO is a,leadership,30,435,0.4477941139787952,0.30480133509263396,0.9981297036501928,0.006939132099447021,0.0014301540534131648,0.01901216571835675,0.0055987469988134165,0.02460611080379515,0.015713028899612156,0.02454475080394514,0.02609132537539007,0.030692074460106362,0.03580227637685517,0.020192629666384597,0.043751601053109115,0.024975846532834037,0.05559018137549711,0.036197890475334074,0.05916987741004747,0.05105514752429609,0.06617139111572776,0.06527706159426026,0.07625253094764826,0.08117299213994449,0.08271478214039932,0.0836458145489118,0.09647358471115156,0.09082711027890016,0.1119616838125929,0.10156964031522521,0.13199779705265222,0.09150559094346519,0.1395778739228072,0.10257947163780172,0.1555824791892228,0.08936658241499636,0.1673088134772595,0.08848446928701219,0.1478388776050916,0.09064938007283382,0.1387552980521983,0.07534227344909634,0.1318255030762318,0.07690170351640518,0.1462306157435355,0.07637983156397722,0.19355934786030557,0.06973227241939774,0.22714677325516036,0.07457257083069922,0.27977746546693555,0.09535930484104581,0.20875126433416835
Most people assume a manager is a,leadership,30,435,0.4365273296003797,0.3151457803323865,0.9981178325397195,0.0053812763900559415,0.0011906006791689184,0.01696441112223068,0.005262912356384445,0.022943278806166804,0.015403085592284763,0.020253538412421983,0.026216629532121304,0.026777186847079935,0.038431893237337825,0.01906951070047396,0.04840674120170011,0.023475267587896007,0.05869643965640554,0.03534273728383303,0.06415548094652988,0.05126671117261968,0.07165622550236919,0.06716603309826934,0.08205136140704793,0.0826034884093437,0.08897360631926604,0.08722249079575205,0.10086567290003227,0.09331936283091281,0.11563559142788098,0.1038609150758682,0.1336573763938605,0.09614354921098353,0.14103737078400058,0.10643616713506442,0.15350696507313216,0.09140661152420598,0.1662115096942976,0.09068026441255865,0.1478932455531284,0.09401391241096757,0.13992057205543926,0.07961559470230845,0.1310369838736271,0.0870878527208543,0.1447827358879396,0.09062036985459189,0.1926992914659369,0.08442186599405996,0.22595780980738356,0.08584300940775695,0.2796669682472064,0.09987398876876348,0.21411419927817862
Most people assume a leader is a,leadership,31,465,0.33939294319964225,0.40247454727068543,0.9991262345138239,0.006503322024458067,0.0014391886511764692,0.01911057496033332,0.005465204466206474,0.025279795469850666,0.015619582990762059,0.02362705200367777,0.02538812501254005,0.028306914450501392,0.03465967375035219,0.0194654915921987,0.042011903003222356,0.02200809244149071,0.05251592822455474,0.03611249010974909,0.058232841085205496,0.05422537912215075,0.06554510316700023,0.06958277125480622,0.07693509896028769,0.08346808841475171,0.08469048390418321,0.08675043814482371,0.09701599226634684,0.09799670913269805,0.11470153147953126,0.11385597061997041,0.13457144687673622,0.1090221504807545,0.1431767283973976,0.11745474466267326,0.15548470654808366,0.10781559729817192,0.16403913551040444,0.10428627799116726,0.14681491669844385,0.10393926698326221,0.13678704590634877,0.08943986169147033,0.12949075160798637,0.0968462007749914,0.1469726229529461,0.09518571379504707,0.1985745744474091,0.08651017230843377,0.23729998205325736,0.08333270561509525,0.2825373637713948,0.10332606878966907,0.21789552607044863
Most people assume an executive is a,leadership,30,435,0.469701549985475,0.34767263289541006,0.9966057993297,0.007005360321220968,0.0013709316170356387,0.018453028274494722,0.005343571454727636,0.02491502604044779,0.014916680894173362,0.026889624212750745,0.02614394636751892,0.03469816218272735,0.036558959068249734,0.022684939115143722,0.043677834492363815,0.02807653676199889,0.054253206180615396,0.0402388368116047,0.05857430001768733,0.05433779567961837,0.0662861662076867,0.0662628515630487,0.07571845861145746,0.08006596010115583,0.08263742149003366,0.08701491713841351,0.09632765366016297,0.09175393213599439,0.11301259147941686,0.10562302885527754,0.13560225852681373,0.09596867661084181,0.14416251480000544,0.1052046353086435,0.15894237745522174,0.09675593737134751,0.16793881583301323,0.09180795706460282,0.14840230877693555,0.0944175009389826,0.13996316904319586,0.07860124048786987,0.13156570946328042,0.08369482967973621,0.14550921873716632,0.09198050776923258,0.18884292405583242,0.0858601443278898,0.2222518189444191,0.08810978665833485,0.2737100266206279,0.08807607229334441,0.19950228746290902
A nurse is typically described as a,support,36,630,0.6025507084301032,0.5719732253346592,0.9844949847902171,0.006541890645282451,0.0013844711352169316,0.017920526508191488,0.006160669805552558,0.02291813652380064,0.0189209438115997,0.02878793543652624,0.030386052536938286,0.038073992970693554,0.04677098042933244,0.0278684780140188,0.06425358680078484,0.03302253432686871,0.07912344877000946,0.052959228533603915,0.08948945066011627,0.06751084884887867,0.09763811943518959,0.08493273050619896,0.10700705492221167,0.08634789824105599,0.11194174268766084,0.09169286003475695,0.11995243238373782,0.09103017763080326,0.13372790219192068,0.09430953498540615,0.14676479659630398,0.08872948850914711,0.15053042751719195,0.10212673118477728,0.1600664708734408,0.09102626452942503,0.1750529539986652,0.07967731649101523,0.17079459297864738,0.08124517143576171,0.16194046122938344,0.06587550603383653,0.14990653153870742,0.06844253141509346,0.16781846662217254,0.06997318517701683,0.21708103421008748,0.07056698179719144,0.24700346887881963,0.08630627615196437,0.2989627546193867,0.11998373903392946,0.23369581436966072
A caregiver is typically described as a,support,36,630,0.6618866078413045,0.7953186214435846,0.9944035798253026,0.007724510386345402,0.001649772147952977,0.019482357691582318,0.006270713961249946,0.02166567355441699,0.018503001325114957,0.025275614739736378,0.030215917945635766,0.042119633113989585,0.050040292933391115,0.03364511608752378,0.06417362703562267,0.037871284466494244,0.07668862319513749,0.05946995090564919,0.08538018207992816,0.07196699844865381,0.09237666579970578,0.09156421763456518,0.10227681491142332,0.0926729623576685,0.10801109190632321,0.0972919736532977,0.11689723736139605,0.1012316839928412,0.13209958337948177,0.10679179038425762,0.14640824566977695,0.1020579015278901,0.1556081140347375,0.11381577813353812,0.16430983033019325,0.10769363293315866,0.18578736637337326,0.09589519476896483,0.1836027797675672,0.0949847447245271,0.1747513220394736,0.0787141855496974,0.164795858854757,0.08154418539025958,0.18900005041842746,0.08529694778120309,0.2533246851619481,0.07222444906882743,0.29636577170560435,0.08385421128659615,0.3617154096243559,0.11929997222017091,0.2823393804110484
A secretary is typically described as a,support,36,630,0.6350475958449121,0.6351969430688769,0.9836934781051241,0.007246557573589141,0.0015434316784370004,0.0189754193141518,0.006245181783820497,0.02666456548079318,0.017027246569255614,0.028125678632104027,0.028861229764258495,0.03689651445759859,0.043498729414721625,0.02947212545186299,0.05675367334134999,0.03378182218918681,0.06838674380512148,0.055622842906474027,0.07683849526159782,0.07153797998789746,0.08444746573207487,0.08682827392532795,0.09372027696747137,0.08755584232085983,0.099337367132909,0.09346010015529721,0.10912362455313623,0.09787657427588446,0.12282918145047234,0.11190266912087903,0.1416918818137894,0.10366881868769966,0.14916494475360087,0.11598517817214159,0.16392407520665497,0.11732976188892422,0.17868096105319017,0.10438441155188448,0.17234798894677672,0.10085415644165609,0.16758268773663204,0.07879295870912062,0.15776275971651652,0.08391630460144282,0.1826240264462088,0.0830874577280527,0.24491599243667464,0.07759926133218566,0.3007920192236097,0.09012094575209906,0.37230182739261863,0.1292472185862242,0.32273418942470045
A receptionist is typically described as a,support,35,595,0.6165014904988888,0.6043116892687976,0.9809628371149302,0.006973212731082196,0.00152715391965667,0.018440028772073583,0.00613563156808998,0.02705714231082406,0.01694586303433902,0.0321603351834826,0.02967744831914899,0.04487428800356048,0.04717889384080759,0.03677357370193878,0.0648731210090993,0.041714062608861145,0.07966474895283696,0.06344783930867737,0.0908782873542624,0.07518308311548638,0.0987487594666161,0.0888987113800697,0.10719867827343552,0.09295625411151853,0.11182743690144334,0.093657173728837,0.12137560747813023,0.09498399386000472,0.13442065705404813,0.100465663523569,0.14906557882796637,0.09579708518384189,0.15297831151704047,0.10921485169735928,0.1649944020509611,0.1043936443830081,0.1782495731813048,0.09123380809166166,0.17421186964484336,0.09090515905312616,0.1670039573911604,0.07249808560689573,0.15651797903755912,0.07699867945577935,0.1766821999500751,0.0743816215786623,0.23222153776007168,0.07070477948257868,0.26838186072430537,0.08401258050190842,0.3199240983834502,0.11853706019233587,0.26604384390319513
An assistant is typically described as a,support,38,703,0.6676908685967938,0.6495578084141016,0.9851435004966334,0.007389885697679173,0.001749144710108686,0.018566876530249434,0.006354984934242951,0.02561135554492932,0.017129635324195668,0.030046393479323114,0.028943002933354108,0.04283706015170308,0.048082485307384376,0.03247261484528899,0.06705006162679852,0.036961153148080995,0.0832841051212983,0.05968133873718338,0.09470939139587238,0.07288712086453,0.10270247745429714,0.08488228292047295,0.11117786871328707,0.08692985752430377,0.11712772455680516,0.09158016090377359,0.12703854512638257,0.09948210710868165,0.14141993747365916,0.11338873005654959,0.15812852136590122,0.10707409491163589,0.16442986770156956,0.12634290884558946,0.1779706912839659,0.1260112563747593,0.1919400422372353,0.11430024763161302,0.1842117429123309,0.11561454844656506,0.18025911249641594,0.09297472343206176,0.16686010424353026,0.09466718646475519,0.19022472978985086,0.08589510610967983,0.2522733098321263,0.07904703630784515,0.3095772965654682,0.08300754953689923,0.38025623856685836,0.11357926349746982,0.3309501540355589
A support worker is typically described as a,support,36,630,0.6519124942978977,0.6813334310427308,0.9924781170266215,0.007355105371524759,0.0016586314287406385,0.018798074269815487,0.0062367437471884946,0.027561717922492065,0.0166366510103152,0.03062665003157309,0.02894067174205895,0.04210872787345071,0.04698853768700854,0.033169942371964044,0.06553222869470049,0.038277233813907754,0.08204117665580642,0.0585358738329542,0.09336095735493674,0.07100841552870608,0.10088650173601822,0.08688082810505139,0.11021494470014914,0.08933574699117285,0.11500625338646515,0.09053766160812388,0.12517818671857678,0.0983804036273096,0.1397316900344717,0.1111350144774666,0.1563087756746836,0.11219986330618578,0.16531162825652396,0.1310646353745384,0.1786714705531067,0.1293713880324945,0.18994930500629778,0.11725695856172019,0.18303277357482503,0.11237772068128805,0.17885331840696694,0.08816326354264868,0.16930634827784183,0.09397017808035249,0.19585961928592155,0.09050375295998078,0.2593508387606546,0.07827982795505102,0.30791559285794246,0.08224870161225589,0.36797647174778025,0.12867302509652565,0.31461772526157117
A teacher is typically described as a,support,36,630,0.6415320053555976,0.5368494861759245,0.9813752968329936,0.006660062140350113,0.0013456012871368623,0.01828480668164238,0.005961661199997186,0.026377381633979725,0.017518344723529703,0.030747882907264573,0.028888426481814042,0.03805635440058558,0.042644956107949744,0.02899832691048426,0.05589755354983117,0.03442064827640507,0.06599890059735672,0.05303835268482406,0.07468720456337974,0.06835652779153757,0.08179928955898837,0.08684498359587968,0.09152201350987907,0.09128015362125654,0.09682351686710063,0.09596391195027207,0.10617336379621643,0.09850193138618543,0.11955132392763665,0.10780690686007063,0.13503351187970314,0.10325035115352547,0.1417624394333261,0.11708226005528717,0.15445639550272275,0.11510180520621838,0.16765031528719135,0.10345712873391931,0.15958355039373673,0.10121584808618593,0.14998491136309017,0.07785818695045921,0.13962553117966145,0.07650252517704642,0.1567745726591463,0.0764591097798803,0.20704183455560182,0.06832961747384522,0.2512461760516458,0.08090502429512077,0.3159749931777534,0.1093260294210878,0.25844835976150116
A babysitter is typically described as a,support,35,595,0.5557679325911025,0.6381045849993825,0.9871893250965513,0.007804285445448337,0.001752624961131948,0.018850992952659008,0.0062542057370862415,0.025201686129031963,0.017699128289427473,0.030668938977372055,0.028822084088925847,0.041563367005449436,0.04524090326705937,0.032329162468183896,0.05805040324987956,0.03790835641508354,0.06818785880856516,0.05986733991273036,0.0771101430002212,0.07478844105300254,0.0842263081815454,0.09635005861751211,0.09547555876916923,0.1002232195303629,0.1010292122722936,0.10290277586312707,0.1079782497502475,0.1066443372532421,0.12210831912333353,0.11067819928428248,0.13618406214308246,0.10666048917929949,0.1454851835664891,0.1148891030504171,0.15349396975485183,0.11097708251012905,0.17850347027575542,0.10112482822145473,0.17787331073952617,0.10575109542898554,0.17074494998590847,0.08735710251741054,0.15669686766055568,0.08991560136626729,0.17584641542597906,0.0894372540835553,0.23438114822742578,0.07206119904425522,0.26765339739139,0.07662766251058062,0.31856747581134365,0.11209513240160637,0.2447291460904504
"In many workplaces, a nurse is seen as a",support,39,741,0.5798062625493262,0.2824287745170295,0.9757869078312069,0.006810883894505632,0.0014906057299546617,0.018068899934333832,0.00552111193608861,0.021284295815484813,0.015724473717405072,0.02379571788762409,0.02638248416670474,0.0316973216635941,0.03911112362964309,0.022422897588616795,0.051802737353036386,0.02407586263302121,0.06202122585088382,0.04526856455253079,0.07157666734555293,0.06721912350819208,0.08019512945192009,0.08484866461556828,0.09296323459236304,0.09434860761325949,0.09842535917476436,0.09470422927382367,0.10555500951426322,0.09509551233227646,0.11760543599125689,0.10228651522461925,0.13229770319387227,0.0888793392538824,0.13998179300466698,0.09955532229966214,0.1504569444179318,0.0932410449391961,0.1576667953723621,0.08634636351919218,0.15007192190049773,0.08913226459270514,0.14604335285796124,0.07310376800336195,0.14025616267544547,0.07129457778989844,0.15361711583107596,0.07249362772018879,0.19091902739599242,0.06467664092363196,0.20805888317580823,0.07905994247495234,0.25368135819070575,0.11181962201482507,0.19513242865779615
"In many workplaces, a caregiver is seen as a",support,39,741,0.6163287675112858,0.3285992005839944,0.9682562203379348,0.006500829881086296,0.0014090474723377155,0.01798937871405754,0.00521640451725731,0.018577924815630975,0.014949513014038289,0.023342263362773494,0.029178492670106825,0.033614490333963756,0.0453318496482042,0.024109259324837713,0.05709804491867395,0.02347994331372895,0.06200287666924005,0.04843158132735403,0.0709169385430092,0.06985340271007841,0.07863799728649304,0.08666470805824626,0.09112045194470673,0.0954019998798165,0.09598918050750103,0.0924281115564505,0.10221138781115464,0.09584454378582606,0.11333746317463717,0.10236142407638639,0.12571429220895616,0.0894221876391153,0.1317593632275781,0.09968789270028168,0.13832469833042155,0.09761787150583547,0.14568785087953878,0.09061076231937966,0.1397693882870495,0.09418333001562855,0.13677066021503237,0.07525378395437402,0.13574166761249634,0.07494941662578819,0.15111151770637207,0.07274901368344643,0.19077570895716453,0.06089441944131789,0.21454727281634098,0.07692954912392963,0.2712295078171155,0.10329751007995956,0.21792031716367274
"In many workplaces, a secretary is seen as a",support,39,741,0.5730674488754746,0.2782720956020057,0.9638074054382741,0.006823149537140405,0.0013747942766498737,0.018350309247940667,0.0052993425134688545,0.022611305247677987,0.014199571299037825,0.022146587977991194,0.023941865875572513,0.030621138563427172,0.03542752612776079,0.02282099991693419,0.04709809182590741,0.02418221801099894,0.05698080671722488,0.04367886261171959,0.06773775665985579,0.06333002766939062,0.0773592916113008,0.076980334931708,0.08967464523776451,0.08321396753920074,0.09381717602537867,0.0816947584599354,0.1017025116270012,0.08470190195755321,0.11336307745543987,0.09592444827748535,0.1287260625133465,0.0815213947813455,0.1345348906622557,0.09051628673604471,0.14392998686221778,0.08998600479417608,0.1482578821581685,0.08801174703516787,0.14188817504756993,0.09551808494942395,0.13960496952391344,0.08007019095764992,0.1369681777025542,0.08019357555294687,0.15245165947485836,0.07180956955971785,0.1932518335809931,0.062393418991412174,0.22012905302225946,0.07952043514629793,0.27493193716344283,0.11509412799098266,0.21745911773667387
"In many workplaces, a receptionist is seen as a",support,39,741,0.6107394720033331,0.2734483885578811,0.9534907808993012,0.006692431909649175,0.0013989115557210246,0.01782398050271187,0.005250234701717337,0.02165216189410097,0.014395311730625453,0.024130930433383147,0.024255584517138253,0.033482021492596756,0.03608862453400563,0.025742801323873292,0.04719072849948017,0.02742360044750923,0.0553366564475642,0.04865826316614043,0.0648578001937544,0.06752763119190974,0.07303192740459562,0.08357749498817107,0.08590295610294024,0.09626297723221364,0.09122722186693982,0.0904718580556117,0.09810981633058243,0.08760036102210259,0.10840635342849501,0.0931684704370042,0.12344486486701071,0.08102221178268375,0.13046427001412964,0.09141230816540777,0.1390783227779471,0.088441269018883,0.14348566919549868,0.08622620707595909,0.13895645218631403,0.09046395052963702,0.13673981038623412,0.07388218962059599,0.1343716775392978,0.07001019652616822,0.1499831051209395,0.06499204583917947,0.19215675331113452,0.06239094719039255,0.21570712562912073,0.08603605087838587,0.2631263100990448,0.11806876264365504,0.21680231065079675
The ideal nurse is often imagined as a,support,36,630,0.4237967474848314,0.31056510796770453,0.9899228003050666,0.006715212947324889,0.0014813758939892045,0.01882860552454225,0.006468688540515506,0.02156651177464204,0.019049587961758884,0.03399209580780395,0.030561706598216925,0.04510244950447398,0.044937647672401014,0.03246362873154409,0.054371668893502506,0.035200407021490195,0.06425420182323828,0.055126553500601555,0.07224019021161872,0.07391478191475259,0.08036132338963539,0.09080691805534653,0.09023569589763492,0.09620500902417511,0.09628404531104856,0.09732223846927002,0.10331116700251448,0.0923484333959089,0.11496545074031826,0.09485508678295287,0.13118393044060464,0.09249231395234317,0.13838836021677275,0.09851658475561687,0.14665396823594612,0.0780759260654704,0.16628932111153244,0.06645323589895911,0.164380076521288,0.07014291051977202,0.15684246484770972,0.0576833270999302,0.14297203240023515,0.056267084019424846,0.15964416699395476,0.061677866675096116,0.21063568969106106,0.06731776790022938,0.24133184191606022,0.08599800762524033,0.2852134001731817,0.12103472060095675,0.2073782249166722
The ideal caregiver is often imagined as a,support,34,561,0.5383064633726168,0.38631040835753083,0.9933800931321457,0.007033528751917695,0.0013843664818507322,0.0184517296459411,0.006033969877144059,0.018774277267125584,0.017732957889606632,0.027993283789117737,0.03097699210449441,0.04504855004318232,0.04927628450252243,0.03658148264986023,0.05733349454513381,0.03545340463936332,0.06322260224742013,0.055705501647755,0.07033070906383874,0.07465931264568064,0.07791494908911253,0.09100454494622227,0.08775318064879398,0.09671314512975393,0.09390252448891179,0.09725192616634941,0.10213959149023821,0.09544896793507868,0.11539812758840436,0.09555430074764351,0.13000099127494572,0.09363663963004426,0.13677116091016872,0.10181536477824651,0.1455004832111373,0.09390370175709592,0.1595467866676481,0.08618709884585453,0.15406513964034935,0.08826830425013527,0.1452675791047592,0.07141849760006333,0.13848883984878302,0.06562686744927279,0.15770421210911134,0.05921848968804114,0.21669738790576587,0.06046212777976316,0.25246138297578385,0.07812769152139516,0.30245420262717565,0.11173459483507679,0.21445441199464857
The ideal secretary is often imagined as a,support,36,630,0.4229165564846136,0.23574445489794016,0.9863994038896635,0.006754271735124113,0.0013396352288049499,0.019188027692730696,0.005968657860739983,0.024587647109654436,0.016160640260196354,0.03247502160320861,0.027259571345002502,0.04242935666572967,0.04017421781227087,0.03260156067378335,0.04862488833716151,0.03512065072327345,0.05786452210834055,0.0540506898467386,0.0666300977398891,0.07117105605277883,0.07456072019834707,0.08360231400396347,0.0850809237324321,0.08521782220918453,0.090843464382495,0.08498701477160056,0.10062122152819684,0.08505459831937946,0.11471634418229086,0.09339698054476189,0.13272561812218484,0.09434638600731357,0.13986301222641565,0.10499803659950672,0.152657910457072,0.09811604736471657,0.16578697226647315,0.08684048546153096,0.15702876586172956,0.0874734962152876,0.14991084651245515,0.06854582184350651,0.141060090220486,0.06882947344762264,0.1615806255684264,0.06555880084684418,0.22061708742742733,0.0721617301581589,0.27030777802137185,0.09501725478354268,0.32434195293432927,0.13854873945119392,0.2554718859315634
The ideal assistant is often imagined as a,support,34,561,0.4699769846669321,0.21064137248322368,0.9863872269634157,0.006242676130204336,0.0011986268797327115,0.01785206940306202,0.005757854213700466,0.023631066403437043,0.01676279165963732,0.03484156604986256,0.02960746250885179,0.04717011312677242,0.045905377818666875,0.036546596727972516,0.05488536854185882,0.039449312284402835,0.06401168677709211,0.059047828362754747,0.0715130314762359,0.07785014984521586,0.07875245870642146,0.09034549910292375,0.08858250986634347,0.09458694806968425,0.09328562384563671,0.09492981013820585,0.10169668733405289,0.09520109143448463,0.1146610514602662,0.10459146030486155,0.13354277773827078,0.10661394132654822,0.1410040243533673,0.11784808215497412,0.15267259071561906,0.11612829524559262,0.1674038055706459,0.1087881693582402,0.1576839099280865,0.1077778805420261,0.14938540978359022,0.08445373426689598,0.13775670247599617,0.07442014390259019,0.15514994352163683,0.06084335085883599,0.20851879181684546,0.06278394149330853,0.25934421262859925,0.08731032764405083,0.31247884825539163,0.13173326616166767,0.24660901461646662
Most people assume a nurse is a,support,33,528,0.6233780149833984,0.544681332539767,0.9934139733668417,0.006677709858792921,0.0015136410157539453,0.01918182992607704,0.006465401130593677,0.0233605231236407,0.020188332175492724,0.029812236089153513,0.031490728677739346,0.03563412784451404,0.0425967868695447,0.02415575042803354,0.05156066562915386,0.026919440596081534,0.06225997515123425,0.04395565436497533,0.06928943918128724,0.06280903742776348,0.07853525813867895,0.0757647795866563,0.08808658149630542,0.08920262560945129,0.09548721193555912,0.09597141035142956,0.10366897113319312,0.09623501616081753,0.11729463536582502,0.09337737394904126,0.1357488441369517,0.08926803330248408,0.14392743815268538,0.09431111625228654,0.15048715481033897,0.07090314754931343,0.1664276738762747,0.06591997024094867,0.16120857153437015,0.06925302782433809,0.15292900600238948,0.06087675194597373,0.13894092518941403,0.06302472837366127,0.15067357191126338,0.06663953184815558,0.20428298554415739,0.0693808818163012,0.22855287052156767,0.08076656536420357,0.27937816504142554,0.10528213268070696,0.2252939751401748
Most people assume a caregiver is a,support,36,630,0.6870865692463761,0.4605354373343289,0.997823215162498,0.007300986339959963,0.0015372915253140816,0.020343972515999138,0.006126540132999379,0.023102202655237145,0.01836362635379724,0.028877385857733574,0.032243063222962665,0.041059028496618855,0.05076222367260372,0.0316240054947254,0.0589289903740206,0.03070180929078137,0.0628655849182771,0.050219918466483895,0.06791956672405851,0.07154269945905087,0.0759311536286126,0.08701209692855381,0.08727989316363703,0.09937284541656408,0.09398521219190197,0.10721050821225833,0.10281595013537416,0.10975604703527324,0.11610403356476803,0.1096802400510319,0.13475720710257463,0.10038535659189725,0.1420821573784553,0.10592030347927574,0.14937942354094544,0.08894824799458691,0.16534723480794003,0.08130754060463154,0.15611862904774443,0.08404274744759958,0.14581468838231543,0.06818374078912162,0.13594316583006033,0.06966482653618436,0.1510503418069481,0.06809523812448154,0.20935264649080848,0.06134260078249071,0.23825481451210673,0.06893301787642482,0.29227912561633485,0.09189424867253071,0.2242691488673766
Most people assume a secretary is a,support,30,435,0.4755619682036202,0.3631369899958372,0.9851259275455959,0.005674964116728446,0.0013261392845916728,0.017230266970165505,0.005617101272512604,0.023410794291010405,0.01624664564283395,0.02411134782383323,0.02723424949726172,0.029015281942252242,0.03690288867138383,0.01955395749985563,0.043212401602855964,0.021804849253711577,0.05260658448176439,0.03424769915889894,0.05853094876220769,0.04785835817974839,0.0657005355488673,0.060035179214843686,0.07603338534059029,0.07504701983029473,0.08308501305582457,0.07935598835879548,0.09309343168094368,0.08051873109436829,0.10756136259198455,0.0872955916845437,0.12627226128766025,0.07565676499366325,0.1336688086899283,0.0804333045964848,0.14497519438513942,0.06932158251954366,0.1561044511936806,0.06940219852692187,0.1462186507240916,0.07491590473994728,0.1381236125011557,0.06423590172739845,0.13237351232018107,0.0760371023608144,0.14990043582755802,0.08169308373659269,0.20735947978613384,0.08145730133050022,0.23949066436088737,0.08835630209485033,0.29954822027690775,0.09634143292628702,0.23905261746705628
Most people assume an assistant is a,support,34,561,0.6140765807356862,0.2888180874288082,0.9906094311445486,0.0058468029036926415,0.0012257958347462788,0.017411131087600312,0.005556047963757118,0.024996918757068613,0.016027255505290907,0.025531890432018412,0.026936270781562858,0.03616843414376023,0.039462225342609084,0.02409107918489128,0.04740714188629707,0.02772458748368863,0.05820540884103174,0.044525658208608494,0.064204193375642,0.06036356538932635,0.07167448300643915,0.0756482299691398,0.08178130012636237,0.08968892541278498,0.08855243836624777,0.0946178566057055,0.09828586997180189,0.101675714591252,0.11283338724590106,0.11450727270809208,0.13484169825557835,0.10940378003572769,0.14336509023997696,0.1161786363511467,0.15460732827477883,0.10926921473340628,0.16929257528145844,0.10469431007278099,0.15564770770611283,0.10828276235898474,0.14875939359698284,0.08856008926253611,0.1395634514683904,0.09013270064623405,0.15745206049950994,0.08425110859213145,0.21319370933040807,0.07610947567679387,0.2525312991354658,0.07804708031175416,0.3145700125766665,0.09689011201413976,0.26947613986506
