slug,label,hf_id,tier,n_blocks,layer,normalized_depth,anisotropy,saturated
pythia70m,Pythia-70M,EleutherAI/pythia-70m,A,6,0,0.0,0.09091886234650862,0
pythia70m,Pythia-70M,EleutherAI/pythia-70m,A,6,1,0.16666666666666666,0.5259819421408696,0
pythia70m,Pythia-70M,EleutherAI/pythia-70m,A,6,2,0.3333333333333333,0.5806897448357519,0
pythia70m,Pythia-70M,EleutherAI/pythia-70m,A,6,3,0.5,0.7642990870578128,0
pythia70m,Pythia-70M,EleutherAI/pythia-70m,A,6,4,0.6666666666666666,0.702109714255631,0
pythia70m,Pythia-70M,EleutherAI/pythia-70m,A,6,5,0.8333333333333334,0.6452406588257882,0
pythia70m,Pythia-70M,EleutherAI/pythia-70m,A,6,6,1.0,0.9930213979797358,1
gpt2,GPT-2-124M,gpt2,A,12,0,0.0,0.7248060671989648,0
gpt2,GPT-2-124M,gpt2,A,12,1,0.08333333333333333,0.752491633348357,0
gpt2,GPT-2-124M,gpt2,A,12,2,0.16666666666666666,0.6762480595258193,0
gpt2,GPT-2-124M,gpt2,A,12,3,0.25,0.6606969169768104,0
gpt2,GPT-2-124M,gpt2,A,12,4,0.3333333333333333,0.6517232747241073,0
gpt2,GPT-2-124M,gpt2,A,12,5,0.4166666666666667,0.6668375248162787,0
gpt2,GPT-2-124M,gpt2,A,12,6,0.5,0.6457198755764006,0
gpt2,GPT-2-124M,gpt2,A,12,7,0.5833333333333334,0.6436681251913252,0
gpt2,GPT-2-124M,gpt2,A,12,8,0.6666666666666666,0.6575627250574512,0
gpt2,GPT-2-124M,gpt2,A,12,9,0.75,0.6809155841772517,0
gpt2,GPT-2-124M,gpt2,A,12,10,0.8333333333333334,0.734419353836758,0
gpt2,GPT-2-124M,gpt2,A,12,11,0.9166666666666666,0.832361660549996,0
gpt2,GPT-2-124M,gpt2,A,12,12,1.0,0.9851347183569608,1
gptneo,GPT-Neo-125M,EleutherAI/gpt-neo-125M,reference,12,0,0.0,0.9306451711755397,0
gptneo,GPT-Neo-125M,EleutherAI/gpt-neo-125M,reference,12,1,0.08333333333333333,0.9856735001364362,1
gptneo,GPT-Neo-125M,EleutherAI/gpt-neo-125M,reference,12,2,0.16666666666666666,0.9951167937590757,1
gptneo,GPT-Neo-125M,EleutherAI/gpt-neo-125M,reference,12,3,0.25,0.9969788044796918,1
gptneo,GPT-Neo-125M,EleutherAI/gpt-neo-125M,reference,12,4,0.3333333333333333,0.9968294311386006,1
gptneo,GPT-Neo-125M,EleutherAI/gpt-neo-125M,reference,12,5,0.4166666666666667,0.9962735189426374,1
gptneo,GPT-Neo-125M,EleutherAI/gpt-neo-125M,reference,12,6,0.5,0.995723928721022,1
gptneo,GPT-Neo-125M,EleutherAI/gpt-neo-125M,reference,12,7,0.5833333333333334,0.9954285065050525,1
gptneo,GPT-Neo-125M,EleutherAI/gpt-neo-125M,reference,12,8,0.6666666666666666,0.9939120680404965,1
gptneo,GPT-Neo-125M,EleutherAI/gpt-neo-125M,reference,12,9,0.75,0.9917058021017988,1
gptneo,GPT-Neo-125M,EleutherAI/gpt-neo-125M,reference,12,10,0.8333333333333334,0.9849435390898765,1
gptneo,GPT-Neo-125M,EleutherAI/gpt-neo-125M,reference,12,11,0.9166666666666666,0.9713119892208699,1
gptneo,GPT-Neo-125M,EleutherAI/gpt-neo-125M,reference,12,12,1.0,0.677215241457802,0
opt125m,OPT-125M,facebook/opt-125m,A,12,0,0.0,0.293485014376667,0
opt125m,OPT-125M,facebook/opt-125m,A,12,1,0.08333333333333333,0.4575686925611757,0
opt125m,OPT-125M,facebook/opt-125m,A,12,2,0.16666666666666666,0.4847068538346967,0
opt125m,OPT-125M,facebook/opt-125m,A,12,3,0.25,0.4806605413480283,0
opt125m,OPT-125M,facebook/opt-125m,A,12,4,0.3333333333333333,0.4838053972173221,0
opt125m,OPT-125M,facebook/opt-125m,A,12,5,0.4166666666666667,0.49533429192501355,0
opt125m,OPT-125M,facebook/opt-125m,A,12,6,0.5,0.48741668190969767,0
opt125m,OPT-125M,facebook/opt-125m,A,12,7,0.5833333333333334,0.49557579753012587,0
opt125m,OPT-125M,facebook/opt-125m,A,12,8,0.6666666666666666,0.4914434310150028,0
opt125m,OPT-125M,facebook/opt-125m,A,12,9,0.75,0.481649781819935,0
opt125m,OPT-125M,facebook/opt-125m,A,12,10,0.8333333333333334,0.4782829957093438,0
opt125m,OPT-125M,facebook/opt-125m,A,12,11,0.9166666666666666,0.49981347742635657,0
opt125m,OPT-125M,facebook/opt-125m,A,12,12,1.0,0.5161815991510676,0
smollm2135m,SmolLM2-135M,HuggingFaceTB/SmolLM2-135M,A,30,0,0.0,0.1608336832998894,0
smollm2135m,SmolLM2-135M,HuggingFaceTB/SmolLM2-135M,A,30,1,0.03333333333333333,0.36353875305738614,0
smollm2135m,SmolLM2-135M,HuggingFaceTB/SmolLM2-135M,A,30,2,0.06666666666666667,0.5719352100339883,0
smollm2135m,SmolLM2-135M,HuggingFaceTB/SmolLM2-135M,A,30,3,0.1,0.582220469129269,0
smollm2135m,SmolLM2-135M,HuggingFaceTB/SmolLM2-135M,A,30,4,0.13333333333333333,0.590783661003085,0
smollm2135m,SmolLM2-135M,HuggingFaceTB/SmolLM2-135M,A,30,5,0.16666666666666666,0.5852186070480614,0
smollm2135m,SmolLM2-135M,HuggingFaceTB/SmolLM2-135M,A,30,6,0.2,0.5893591215695635,0
smollm2135m,SmolLM2-135M,HuggingFaceTB/SmolLM2-135M,A,30,7,0.23333333333333334,0.5956294184379058,0
smollm2135m,SmolLM2-135M,HuggingFaceTB/SmolLM2-135M,A,30,8,0.26666666666666666,0.6254330836062683,0
smollm2135m,SmolLM2-135M,HuggingFaceTB/SmolLM2-135M,A,30,9,0.3,0.6418672362120599,0
smollm2135m,SmolLM2-135M,HuggingFaceTB/SmolLM2-135M,A,30,10,0.3333333333333333,0.6490338086998974,0
smollm2135m,SmolLM2-135M,HuggingFaceTB/SmolLM2-135M,A,30,11,0.36666666666666664,0.6704431304662365,0
smollm2135m,SmolLM2-135M,HuggingFaceTB/SmolLM2-135M,A,30,12,0.4,0.6453252991557876,0
smollm2135m,SmolLM2-135M,HuggingFaceTB/SmolLM2-135M,A,30,13,0.43333333333333335,0.6188187200801579,0
smollm2135m,SmolLM2-135M,HuggingFaceTB/SmolLM2-135M,A,30,14,0.4666666666666667,0.6577176387587766,0
smollm2135m,SmolLM2-135M,HuggingFaceTB/SmolLM2-135M,A,30,15,0.5,0.6545030296563856,0
smollm2135m,SmolLM2-135M,HuggingFaceTB/SmolLM2-135M,A,30,16,0.5333333333333333,0.6878143831598138,0
smollm2135m,SmolLM2-135M,HuggingFaceTB/SmolLM2-135M,A,30,17,0.5666666666666667,0.7178765383317508,0
smollm2135m,SmolLM2-135M,HuggingFaceTB/SmolLM2-135M,A,30,18,0.6,0.7053789839326682,0
smollm2135m,SmolLM2-135M,HuggingFaceTB/SmolLM2-135M,A,30,19,0.6333333333333333,0.7052562508801381,0
smollm2135m,SmolLM2-135M,HuggingFaceTB/SmolLM2-135M,A,30,20,0.6666666666666666,0.7417221031447615,0
smollm2135m,SmolLM2-135M,HuggingFaceTB/SmolLM2-135M,A,30,21,0.7,0.7285496287459555,0
smollm2135m,SmolLM2-135M,HuggingFaceTB/SmolLM2-135M,A,30,22,0.7333333333333333,0.7282249975319353,0
smollm2135m,SmolLM2-135M,HuggingFaceTB/SmolLM2-135M,A,30,23,0.7666666666666667,0.7297899170518247,0
smollm2135m,SmolLM2-135M,HuggingFaceTB/SmolLM2-135M,A,30,24,0.8,0.726368966888863,0
smollm2135m,SmolLM2-135M,HuggingFaceTB/SmolLM2-135M,A,30,25,0.8333333333333334,0.7673984453052045,0
smollm2135m,SmolLM2-135M,HuggingFaceTB/SmolLM2-135M,A,30,26,0.8666666666666667,0.786785701915542,0
smollm2135m,SmolLM2-135M,HuggingFaceTB/SmolLM2-135M,A,30,27,0.9,0.7758351958665356,0
smollm2135m,SmolLM2-135M,HuggingFaceTB/SmolLM2-135M,A,30,28,0.9333333333333333,0.8051154599197539,0
smollm2135m,SmolLM2-135M,HuggingFaceTB/SmolLM2-135M,A,30,29,0.9666666666666667,0.8261515619930465,0
smollm2135m,SmolLM2-135M,HuggingFaceTB/SmolLM2-135M,A,30,30,1.0,0.7607810459509905,0
pythia,Pythia-160M,EleutherAI/pythia-160m,reference,12,0,0.0,0.08302078166017401,0
pythia,Pythia-160M,EleutherAI/pythia-160m,reference,12,1,0.08333333333333333,0.38648774536675684,0
pythia,Pythia-160M,EleutherAI/pythia-160m,reference,12,2,0.16666666666666666,0.5146583456796169,0
pythia,Pythia-160M,EleutherAI/pythia-160m,reference,12,3,0.25,0.5309996868615128,0
pythia,Pythia-160M,EleutherAI/pythia-160m,reference,12,4,0.3333333333333333,0.5761679239806246,0
pythia,Pythia-160M,EleutherAI/pythia-160m,reference,12,5,0.4166666666666667,0.6266118509524753,0
pythia,Pythia-160M,EleutherAI/pythia-160m,reference,12,6,0.5,0.6521490914705876,0
pythia,Pythia-160M,EleutherAI/pythia-160m,reference,12,7,0.5833333333333334,0.6766098619340136,0
pythia,Pythia-160M,EleutherAI/pythia-160m,reference,12,8,0.6666666666666666,0.7715116690468065,0
pythia,Pythia-160M,EleutherAI/pythia-160m,reference,12,9,0.75,0.6734916990897356,0
pythia,Pythia-160M,EleutherAI/pythia-160m,reference,12,10,0.8333333333333334,0.6933053019015346,0
pythia,Pythia-160M,EleutherAI/pythia-160m,reference,12,11,0.9166666666666666,0.6966966445069572,0
pythia,Pythia-160M,EleutherAI/pythia-160m,reference,12,12,1.0,0.9899398711457001,1
gpt2medium,GPT-2-medium,gpt2-medium,B,24,0,0.0,0.4776095720027372,0
gpt2medium,GPT-2-medium,gpt2-medium,B,24,1,0.041666666666666664,0.8637527903950633,0
gpt2medium,GPT-2-medium,gpt2-medium,B,24,2,0.08333333333333333,0.8375996161795538,0
gpt2medium,GPT-2-medium,gpt2-medium,B,24,3,0.125,0.8494696248869046,0
gpt2medium,GPT-2-medium,gpt2-medium,B,24,4,0.16666666666666666,0.8468814467897035,0
gpt2medium,GPT-2-medium,gpt2-medium,B,24,5,0.20833333333333334,0.8500836164140383,0
gpt2medium,GPT-2-medium,gpt2-medium,B,24,6,0.25,0.8490582922182022,0
gpt2medium,GPT-2-medium,gpt2-medium,B,24,7,0.2916666666666667,0.8518640472790222,0
gpt2medium,GPT-2-medium,gpt2-medium,B,24,8,0.3333333333333333,0.8491334852870939,0
gpt2medium,GPT-2-medium,gpt2-medium,B,24,9,0.375,0.8467769100920419,0
gpt2medium,GPT-2-medium,gpt2-medium,B,24,10,0.4166666666666667,0.8345184030549093,0
gpt2medium,GPT-2-medium,gpt2-medium,B,24,11,0.4583333333333333,0.8239780685170974,0
gpt2medium,GPT-2-medium,gpt2-medium,B,24,12,0.5,0.8106960740305814,0
gpt2medium,GPT-2-medium,gpt2-medium,B,24,13,0.5416666666666666,0.7978187618532071,0
gpt2medium,GPT-2-medium,gpt2-medium,B,24,14,0.5833333333333334,0.7892186830221424,0
gpt2medium,GPT-2-medium,gpt2-medium,B,24,15,0.625,0.7824430075993132,0
gpt2medium,GPT-2-medium,gpt2-medium,B,24,16,0.6666666666666666,0.7812529495960473,0
gpt2medium,GPT-2-medium,gpt2-medium,B,24,17,0.7083333333333334,0.7842705727544957,0
gpt2medium,GPT-2-medium,gpt2-medium,B,24,18,0.75,0.7915943585569967,0
gpt2medium,GPT-2-medium,gpt2-medium,B,24,19,0.7916666666666666,0.8088990264696895,0
gpt2medium,GPT-2-medium,gpt2-medium,B,24,20,0.8333333333333334,0.8255943470569319,0
gpt2medium,GPT-2-medium,gpt2-medium,B,24,21,0.875,0.8473960384642675,0
gpt2medium,GPT-2-medium,gpt2-medium,B,24,22,0.9166666666666666,0.8808097195729345,0
gpt2medium,GPT-2-medium,gpt2-medium,B,24,23,0.9583333333333334,0.9067498951002678,0
gpt2medium,GPT-2-medium,gpt2-medium,B,24,24,1.0,0.7144666645857868,0
smollm2360m,SmolLM2-360M,HuggingFaceTB/SmolLM2-360M,B,32,0,0.0,0.07639008958641308,0
smollm2360m,SmolLM2-360M,HuggingFaceTB/SmolLM2-360M,B,32,1,0.03125,0.5033085852090122,0
smollm2360m,SmolLM2-360M,HuggingFaceTB/SmolLM2-360M,B,32,2,0.0625,0.673750285725638,0
smollm2360m,SmolLM2-360M,HuggingFaceTB/SmolLM2-360M,B,32,3,0.09375,0.6441698143692379,0
smollm2360m,SmolLM2-360M,HuggingFaceTB/SmolLM2-360M,B,32,4,0.125,0.6553290336448027,0
smollm2360m,SmolLM2-360M,HuggingFaceTB/SmolLM2-360M,B,32,5,0.15625,0.6488687683541388,0
smollm2360m,SmolLM2-360M,HuggingFaceTB/SmolLM2-360M,B,32,6,0.1875,0.624133342434624,0
smollm2360m,SmolLM2-360M,HuggingFaceTB/SmolLM2-360M,B,32,7,0.21875,0.6156625837492313,0
smollm2360m,SmolLM2-360M,HuggingFaceTB/SmolLM2-360M,B,32,8,0.25,0.561913198564316,0
smollm2360m,SmolLM2-360M,HuggingFaceTB/SmolLM2-360M,B,32,9,0.28125,0.6097632900281048,0
smollm2360m,SmolLM2-360M,HuggingFaceTB/SmolLM2-360M,B,32,10,0.3125,0.6261526363894717,0
smollm2360m,SmolLM2-360M,HuggingFaceTB/SmolLM2-360M,B,32,11,0.34375,0.631857999831403,0
smollm2360m,SmolLM2-360M,HuggingFaceTB/SmolLM2-360M,B,32,12,0.375,0.6392423113789752,0
smollm2360m,SmolLM2-360M,HuggingFaceTB/SmolLM2-360M,B,32,13,0.40625,0.6389762985701429,0
smollm2360m,SmolLM2-360M,HuggingFaceTB/SmolLM2-360M,B,32,14,0.4375,0.6565617149665584,0
smollm2360m,SmolLM2-360M,HuggingFaceTB/SmolLM2-360M,B,32,15,0.46875,0.6654442862553716,0
smollm2360m,SmolLM2-360M,HuggingFaceTB/SmolLM2-360M,B,32,16,0.5,0.6693652692473271,0
smollm2360m,SmolLM2-360M,HuggingFaceTB/SmolLM2-360M,B,32,17,0.53125,0.6989488524563208,0
smollm2360m,SmolLM2-360M,HuggingFaceTB/SmolLM2-360M,B,32,18,0.5625,0.6841079248255454,0
smollm2360m,SmolLM2-360M,HuggingFaceTB/SmolLM2-360M,B,32,19,0.59375,0.6955685786233634,0
smollm2360m,SmolLM2-360M,HuggingFaceTB/SmolLM2-360M,B,32,20,0.625,0.7277413250575087,0
smollm2360m,SmolLM2-360M,HuggingFaceTB/SmolLM2-360M,B,32,21,0.65625,0.7191698481389459,0
smollm2360m,SmolLM2-360M,HuggingFaceTB/SmolLM2-360M,B,32,22,0.6875,0.740485542364962,0
smollm2360m,SmolLM2-360M,HuggingFaceTB/SmolLM2-360M,B,32,23,0.71875,0.7462514888931462,0
smollm2360m,SmolLM2-360M,HuggingFaceTB/SmolLM2-360M,B,32,24,0.75,0.7487703905145426,0
smollm2360m,SmolLM2-360M,HuggingFaceTB/SmolLM2-360M,B,32,25,0.78125,0.7671205831463567,0
smollm2360m,SmolLM2-360M,HuggingFaceTB/SmolLM2-360M,B,32,26,0.8125,0.7541896622825138,0
smollm2360m,SmolLM2-360M,HuggingFaceTB/SmolLM2-360M,B,32,27,0.84375,0.7710087540033294,0
smollm2360m,SmolLM2-360M,HuggingFaceTB/SmolLM2-360M,B,32,28,0.875,0.7829895777487523,0
smollm2360m,SmolLM2-360M,HuggingFaceTB/SmolLM2-360M,B,32,29,0.90625,0.800787648522261,0
smollm2360m,SmolLM2-360M,HuggingFaceTB/SmolLM2-360M,B,32,30,0.9375,0.8385011476015594,0
smollm2360m,SmolLM2-360M,HuggingFaceTB/SmolLM2-360M,B,32,31,0.96875,0.8598483899762377,0
smollm2360m,SmolLM2-360M,HuggingFaceTB/SmolLM2-360M,B,32,32,1.0,0.8136674801076481,0
pythia410m,Pythia-410M,EleutherAI/pythia-410m,B,24,0,0.0,0.07602607922879212,0
pythia410m,Pythia-410M,EleutherAI/pythia-410m,B,24,1,0.041666666666666664,0.312235252619686,0
pythia410m,Pythia-410M,EleutherAI/pythia-410m,B,24,2,0.08333333333333333,0.44319229672808474,0
pythia410m,Pythia-410M,EleutherAI/pythia-410m,B,24,3,0.125,0.5488061237175852,0
pythia410m,Pythia-410M,EleutherAI/pythia-410m,B,24,4,0.16666666666666666,0.5571291447950085,0
pythia410m,Pythia-410M,EleutherAI/pythia-410m,B,24,5,0.20833333333333334,0.5734686758917236,0
pythia410m,Pythia-410M,EleutherAI/pythia-410m,B,24,6,0.25,0.5492408375679623,0
pythia410m,Pythia-410M,EleutherAI/pythia-410m,B,24,7,0.2916666666666667,0.527348249986614,0
pythia410m,Pythia-410M,EleutherAI/pythia-410m,B,24,8,0.3333333333333333,0.5411683587559527,0
pythia410m,Pythia-410M,EleutherAI/pythia-410m,B,24,9,0.375,0.5358844911314982,0
pythia410m,Pythia-410M,EleutherAI/pythia-410m,B,24,10,0.4166666666666667,0.5518026745367276,0
pythia410m,Pythia-410M,EleutherAI/pythia-410m,B,24,11,0.4583333333333333,0.5613931738314483,0
pythia410m,Pythia-410M,EleutherAI/pythia-410m,B,24,12,0.5,0.59427802729299,0
pythia410m,Pythia-410M,EleutherAI/pythia-410m,B,24,13,0.5416666666666666,0.5924779863166273,0
pythia410m,Pythia-410M,EleutherAI/pythia-410m,B,24,14,0.5833333333333334,0.6276112322997378,0
pythia410m,Pythia-410M,EleutherAI/pythia-410m,B,24,15,0.625,0.6061020803878027,0
pythia410m,Pythia-410M,EleutherAI/pythia-410m,B,24,16,0.6666666666666666,0.6208671600837727,0
pythia410m,Pythia-410M,EleutherAI/pythia-410m,B,24,17,0.7083333333333334,0.6710500153269364,0
pythia410m,Pythia-410M,EleutherAI/pythia-410m,B,24,18,0.75,0.7501788895290759,0
pythia410m,Pythia-410M,EleutherAI/pythia-410m,B,24,19,0.7916666666666666,0.7662712358052292,0
pythia410m,Pythia-410M,EleutherAI/pythia-410m,B,24,20,0.8333333333333334,0.7642661768417092,0
pythia410m,Pythia-410M,EleutherAI/pythia-410m,B,24,21,0.875,0.7737121539773679,0
pythia410m,Pythia-410M,EleutherAI/pythia-410m,B,24,22,0.9166666666666666,0.7815389539020899,0
pythia410m,Pythia-410M,EleutherAI/pythia-410m,B,24,23,0.9583333333333334,0.718215247060811,0
pythia410m,Pythia-410M,EleutherAI/pythia-410m,B,24,24,1.0,0.6360956337587046,0
bloom560m,BLOOM-560M,bigscience/bloom-560m,B,24,0,0.0,0.08012708837481675,0
bloom560m,BLOOM-560M,bigscience/bloom-560m,B,24,1,0.041666666666666664,0.16762406537558056,0
bloom560m,BLOOM-560M,bigscience/bloom-560m,B,24,2,0.08333333333333333,0.22545851511511103,0
bloom560m,BLOOM-560M,bigscience/bloom-560m,B,24,3,0.125,0.263311624276685,0
bloom560m,BLOOM-560M,bigscience/bloom-560m,B,24,4,0.16666666666666666,0.30834254898876623,0
bloom560m,BLOOM-560M,bigscience/bloom-560m,B,24,5,0.20833333333333334,0.3281184008232197,0
bloom560m,BLOOM-560M,bigscience/bloom-560m,B,24,6,0.25,0.3627272365765132,0
bloom560m,BLOOM-560M,bigscience/bloom-560m,B,24,7,0.2916666666666667,0.39080993154634436,0
bloom560m,BLOOM-560M,bigscience/bloom-560m,B,24,8,0.3333333333333333,0.40543298146926465,0
bloom560m,BLOOM-560M,bigscience/bloom-560m,B,24,9,0.375,0.4179231865238628,0
bloom560m,BLOOM-560M,bigscience/bloom-560m,B,24,10,0.4166666666666667,0.45423525896871597,0
bloom560m,BLOOM-560M,bigscience/bloom-560m,B,24,11,0.4583333333333333,0.45744601148110836,0
bloom560m,BLOOM-560M,bigscience/bloom-560m,B,24,12,0.5,0.46384896360528505,0
bloom560m,BLOOM-560M,bigscience/bloom-560m,B,24,13,0.5416666666666666,0.4750160511544233,0
bloom560m,BLOOM-560M,bigscience/bloom-560m,B,24,14,0.5833333333333334,0.4840557942549609,0
bloom560m,BLOOM-560M,bigscience/bloom-560m,B,24,15,0.625,0.5037444510031776,0
bloom560m,BLOOM-560M,bigscience/bloom-560m,B,24,16,0.6666666666666666,0.5253156232276004,0
bloom560m,BLOOM-560M,bigscience/bloom-560m,B,24,17,0.7083333333333334,0.5451629218893724,0
bloom560m,BLOOM-560M,bigscience/bloom-560m,B,24,18,0.75,0.56697852566166,0
bloom560m,BLOOM-560M,bigscience/bloom-560m,B,24,19,0.7916666666666666,0.5895170115294066,0
bloom560m,BLOOM-560M,bigscience/bloom-560m,B,24,20,0.8333333333333334,0.6149987532015557,0
bloom560m,BLOOM-560M,bigscience/bloom-560m,B,24,21,0.875,0.7073111119995844,0
bloom560m,BLOOM-560M,bigscience/bloom-560m,B,24,22,0.9166666666666666,0.9271521575593311,0
bloom560m,BLOOM-560M,bigscience/bloom-560m,B,24,23,0.9583333333333334,0.9576613662677319,1
bloom560m,BLOOM-560M,bigscience/bloom-560m,B,24,24,1.0,0.9950565693965823,1
