slug,label,seed,layer,depth_norm,relational,anisotropy_base,anisotropy_ft,ceiling,headroom_used,saturation_class
pythia70m,Pythia-70M,42,0,0.0,0.0007036702129026,0.0782141395099381,0.0783498253744239,1.843436035115638,0.00038171664191128773,neither
pythia70m,Pythia-70M,42,1,0.16666666666666666,0.0287462904416077,0.5526267190046443,0.5243120906245675,0.9230611903707882,0.03114234542789139,neither
pythia70m,Pythia-70M,42,2,0.3333333333333333,0.0413394586278134,0.6003742505351344,0.5625094734724738,0.8371162759923918,0.04938317389517477,neither
pythia70m,Pythia-70M,42,3,0.5,0.0267227587062811,0.7737008446262856,0.7518794293223354,0.47441972605137894,0.05632725040481783,neither
pythia70m,Pythia-70M,42,4,0.6666666666666666,0.0429308282057985,0.7182302625132522,0.6965983631615404,0.5851713743252074,0.07336453915795924,neither
pythia70m,Pythia-70M,42,5,0.8333333333333334,0.1026192654229915,0.6575478879426493,0.6132443525610988,0.7292077594962519,0.14072706178261526,neither
pythia70m,Pythia-70M,42,6,1.0,0.0052887115285468,0.9922805857292456,0.9874669867766512,0.020252427494103165,0.2611396352406,both
pythia70m,Pythia-70M,43,0,0.0,0.0007078840509369,0.0780570164705987,0.0781163529700151,1.8438266305593862,0.0003839211557119878,neither
pythia70m,Pythia-70M,43,1,0.16666666666666666,0.0344188019719113,0.5500383271356848,0.5157398955136936,0.9342217773506216,0.036842217561573305,neither
pythia70m,Pythia-70M,43,2,0.3333333333333333,0.0446691000831684,0.5969928749200115,0.5535731803949684,0.8494339446850201,0.05258690256336791,neither
pythia70m,Pythia-70M,43,3,0.5,0.0376961901033162,0.7719172345449459,0.7350336944796636,0.4930490709753905,0.07645525024262285,neither
pythia70m,Pythia-70M,43,4,0.6666666666666666,0.0577246230744193,0.7157898391586175,0.667520549936738,0.6166896109046445,0.09360401416482587,neither
pythia70m,Pythia-70M,43,5,0.8333333333333334,0.0807391901301372,0.6560217875167585,0.5990142441371465,0.744963968346095,0.10837999361148622,neither
pythia70m,Pythia-70M,43,6,1.0,0.0048146779745912,0.9923851344033487,0.9880398425260464,0.01957502307060488,0.24596027076061186,both
pythia70m,Pythia-70M,44,0,0.0,0.0006444012306174,0.0769623477461673,0.0770132169793821,1.8460244352744506,0.00034907513589959395,neither
pythia70m,Pythia-70M,44,1,0.16666666666666666,0.0236752417648025,0.5486691854558127,0.5254722962350402,0.925858518309147,0.025571122689500667,neither
pythia70m,Pythia-70M,44,2,0.3333333333333333,0.0411899363155132,0.593896801053695,0.5538630491424449,0.8522401498038602,0.048331372706382006,neither
pythia70m,Pythia-70M,44,3,0.5,0.038674266983403,0.7704393693506304,0.7328557407264629,0.49670488992290673,0.077861659444113,neither
pythia70m,Pythia-70M,44,4,0.6666666666666666,0.0404606532142665,0.7137189483700414,0.6851295294636668,0.601151522166292,0.06730524954584441,neither
pythia70m,Pythia-70M,44,5,0.8333333333333334,0.1132977433642695,0.6538038864027631,0.5819332663211991,0.7642628472760378,0.14824447344010225,neither
pythia70m,Pythia-70M,44,6,1.0,0.0056465244390209,0.9922809875310036,0.9871057517100068,0.020613260758989504,0.2739267942631752,both
gpt2,GPT-2-124M,42,0,0.0,0.0003541730423024,0.713135673850923,0.7132470801566301,0.573617245992447,0.0006174379253357797,neither
gpt2,GPT-2-124M,42,1,0.08333333333333333,0.0174538176466634,0.7406681951396435,0.723221874175589,0.5361099306847675,0.03255641548062694,neither
gpt2,GPT-2-124M,42,2,0.16666666666666666,0.0107262399890752,0.6678497179055056,0.6606258473439485,0.6715244347505459,0.015972970504133217,neither
gpt2,GPT-2-124M,42,3,0.25,0.0143355128389851,0.6543444195552327,0.6654993325087843,0.6801562479359828,0.021076793578663672,neither
gpt2,GPT-2-124M,42,4,0.3333333333333333,0.0118746275144164,0.6436527096295303,0.641310302474744,0.7150369878957259,0.01660701154686012,neither
gpt2,GPT-2-124M,42,5,0.4166666666666667,0.0126258126329327,0.6564175993335681,0.6578367737229759,0.685745626943456,0.018411801893960567,neither
gpt2,GPT-2-124M,42,6,0.5,0.0151184654438834,0.6337311586762656,0.6325036424349615,0.733765198888773,0.02060395541622725,neither
gpt2,GPT-2-124M,42,7,0.5833333333333334,0.016332621349485,0.6292488959607508,0.6309260039643028,0.7398251000749463,0.022076327699385247,neither
gpt2,GPT-2-124M,42,8,0.6666666666666666,0.0187308327008673,0.6446186421041766,0.6390032746036702,0.7163780832921531,0.026146574187178893,neither
gpt2,GPT-2-124M,42,9,0.75,0.031490465326094,0.6684304062808529,0.642576791200806,0.6889928025183412,0.045705071534844835,neither
gpt2,GPT-2-124M,42,10,0.8333333333333334,0.040092680008641,0.721098326509535,0.6840517964566376,0.5948498770338274,0.06739966091707042,neither
gpt2,GPT-2-124M,42,11,0.9166666666666666,0.034352330357504,0.826991681226459,0.7957449903683663,0.3772633284051746,0.09105663808545462,neither
gpt2,GPT-2-124M,42,12,1.0,0.0145032530932879,0.9837372231089524,0.9708745642911992,0.04538821259984849,0.3195378769627142,both
gpt2,GPT-2-124M,43,0,0.0,0.0003751694130174,0.7129100340908578,0.713097173210383,0.5739927926987591,0.0006536134561088385,neither
gpt2,GPT-2-124M,43,1,0.08333333333333333,0.0038855346506327,0.741645327825908,0.7429060573442041,0.515448614829888,0.007538161009347229,neither
gpt2,GPT-2-124M,43,2,0.16666666666666666,0.0263413997052302,0.669123255054916,0.6437108269930488,0.6871659179520352,0.03833339084065117,neither
gpt2,GPT-2-124M,43,3,0.25,0.0124130027082377,0.6560755266669702,0.6534293769899946,0.6904950963430352,0.017976959972603443,neither
gpt2,GPT-2-124M,43,4,0.3333333333333333,0.0157673696117084,0.6454268094476094,0.6392893459585822,0.7152838445938083,0.022043514236872345,neither
gpt2,GPT-2-124M,43,5,0.4166666666666667,0.0149070548494929,0.6581639674070323,0.6587016655748892,0.6831343670180785,0.02182155600597737,neither
gpt2,GPT-2-124M,43,6,0.5,0.0177079082965952,0.635630408966618,0.6342881216246454,0.7300814694087365,0.024254701753950995,neither
gpt2,GPT-2-124M,43,7,0.5833333333333334,0.0185965542056048,0.6315683539722065,0.6390280243955575,0.7294036216322362,0.02549556055670525,neither
gpt2,GPT-2-124M,43,8,0.6666666666666666,0.0182986098800414,0.6474026894659979,0.6476876501030836,0.7049096604309185,0.02595880139996276,neither
gpt2,GPT-2-124M,43,9,0.75,0.0324829803952811,0.6714277837633813,0.6456287689849334,0.6829434472516853,0.04756320677209769,neither
gpt2,GPT-2-124M,43,10,0.8333333333333334,0.0444676904140079,0.7243930318415119,0.6827794870032442,0.5928274811552439,0.07500949572606459,neither
gpt2,GPT-2-124M,43,11,0.9166666666666666,0.0438992758937774,0.8283776327579396,0.7860429158955727,0.38557945134648774,0.11385273707008008,neither
gpt2,GPT-2-124M,43,12,1.0,0.016785077732262,0.984241317483143,0.969161927959864,0.04659675455699297,0.36021988852747244,both
gpt2,GPT-2-124M,44,0,0.0,0.0003957746081675,0.7157875192246256,0.7160123624810271,0.5682001182943472,0.0006965408760483136,neither
gpt2,GPT-2-124M,44,1,0.08333333333333333,0.0069529593168392,0.7438785076895214,0.7373748068782155,0.5187466854322631,0.013403380709884272,neither
gpt2,GPT-2-124M,44,2,0.16666666666666666,0.0232379764449824,0.6686348649970697,0.6455836261343793,0.685781508868551,0.03388539373615073,neither
gpt2,GPT-2-124M,44,3,0.25,0.0091263011631837,0.6539019975857802,0.6546383746953348,0.6914596277188851,0.013198603067096238,neither
gpt2,GPT-2-124M,44,4,0.3333333333333333,0.0127019906570318,0.6440157448937833,0.6377959417202715,0.7181883133859451,0.017686156151925456,neither
gpt2,GPT-2-124M,44,5,0.4166666666666667,0.0126285173557745,0.6566351470547547,0.6616983833029133,0.681666469642332,0.018525947685824475,neither
gpt2,GPT-2-124M,44,6,0.5,0.0178521298905725,0.6333537628160005,0.6465138650062203,0.720132372177779,0.02479006718804379,neither
gpt2,GPT-2-124M,44,7,0.5833333333333334,0.0171000278834869,0.6285421848298868,0.6365997971797308,0.7348580179903823,0.023269839159203,neither
gpt2,GPT-2-124M,44,8,0.6666666666666666,0.0182406572872348,0.6436956454993992,0.6435136017220547,0.7127907527785461,0.02559047969706463,neither
gpt2,GPT-2-124M,44,9,0.75,0.0288466152252577,0.6676425730446534,0.6462453896601991,0.6861120372951476,0.04204359296621499,neither
gpt2,GPT-2-124M,44,10,0.8333333333333334,0.0459715534089177,0.7220160992656262,0.6783578312265467,0.5996260695078272,0.0766670359189872,neither
gpt2,GPT-2-124M,44,11,0.9166666666666666,0.0364816764193441,0.82806436631948,0.7937953431974457,0.3781402904830743,0.09647656527882482,neither
gpt2,GPT-2-124M,44,12,1.0,0.0141690336331056,0.9851804359151872,0.9724870942038342,0.04233246988097861,0.3347084087685661,both
gptneo,GPT-Neo-125M,42,0,0.0,5.640770995778003e-05,0.9265313162980158,0.9265388423379972,0.146929841363987,0.0003839091462573766,neither
gptneo,GPT-Neo-125M,42,1,0.08333333333333333,0.0013603118937798,0.9855019061535856,0.9841532283033348,0.03034486554307947,0.04482840406224955,both
gptneo,GPT-Neo-125M,42,2,0.16666666666666666,0.0010325635241737,0.9950475418901203,0.9940149811903976,0.010937476919482103,0.0944060071417817,both
gptneo,GPT-Neo-125M,42,3,0.25,0.0005598615989531,0.996903802811041,0.9963440753012116,0.006752121887747542,0.0829163940255625,both
gptneo,GPT-Neo-125M,42,4,0.3333333333333333,0.0008770884584594,0.9967215153603914,0.9958449419852204,0.0074335426543881145,0.11799064043059518,both
gptneo,GPT-Neo-125M,42,5,0.4166666666666667,0.0010233601274896,0.9961100175701556,0.9950875456357788,0.00880243679406556,0.11625873055737594,both
gptneo,GPT-Neo-125M,42,6,0.5,0.0010514403986981,0.9954856808091306,0.9944363256054928,0.010077993585376643,0.10433033021808623,both
gptneo,GPT-Neo-125M,42,7,0.5833333333333334,0.0009512698165301,0.9951654947141404,0.9942191344379314,0.010615370847928185,0.08961249024246387,both
gptneo,GPT-Neo-125M,42,8,0.6666666666666666,0.0010379561685253,0.9934369467725356,0.9924547763317368,0.01410827689572769,0.07357072562416302,both
gptneo,GPT-Neo-125M,42,9,0.75,0.0015158811042928,0.9908008554908788,0.989384368292866,0.01981477621625527,0.07650255989513675,both
gptneo,GPT-Neo-125M,42,10,0.8333333333333334,0.0040887861694954,0.9830960787948292,0.9792325310103118,0.0376713901948591,0.10853823414388844,both
gptneo,GPT-Neo-125M,42,11,0.9166666666666666,0.007834605990654,0.9679879142676604,0.9607992194199776,0.07121286631236201,0.1100167202411002,both
gptneo,GPT-Neo-125M,42,12,1.0,0.0658627059750393,0.6244092518011156,0.6400985815770286,0.7354921666218559,0.08954916036366407,neither
gptneo,GPT-Neo-125M,43,0,0.0,5.3914280827204135e-05,0.9270291268348908,0.9270418276971206,0.14592904546798868,0.0003694554477095575,neither
gptneo,GPT-Neo-125M,43,1,0.08333333333333333,0.0015544904359662,0.9855551346628412,0.9840038189420056,0.030441046395153326,0.05106560450608223,both
gptneo,GPT-Neo-125M,43,2,0.16666666666666666,0.000899197317061,0.9950719210859488,0.9941727337943136,0.010755345119737747,0.08360469209033858,both
gptneo,GPT-Neo-125M,43,3,0.25,0.0004943692057269,0.9969186850460452,0.996424529681796,0.006656785272158849,0.07426545780206187,both
gptneo,GPT-Neo-125M,43,4,0.3333333333333333,0.0007826506080044,0.9967423020155154,0.9959603348106674,0.0072973631738171285,0.10725115214390633,both
gptneo,GPT-Neo-125M,43,5,0.4166666666666667,0.0008925873345953,0.9961319249188556,0.9952403318889856,0.008627743192158754,0.10345548247269573,both
gptneo,GPT-Neo-125M,43,6,0.5,0.0009106190193873,0.9955086453494866,0.994600400036024,0.009890954614489411,0.09206583741202495,both
gptneo,GPT-Neo-125M,43,7,0.5833333333333334,0.0008325422877524,0.9951955516105996,0.9943689804018488,0.010435467987551461,0.07978006245101275,both
gptneo,GPT-Neo-125M,43,8,0.6666666666666666,0.0008783032549259,0.9934955676060668,0.992673723276324,0.013830709117609197,0.06350384838964246,both
gptneo,GPT-Neo-125M,43,9,0.75,0.0013025379485566,0.9909123794971928,0.9897072988729688,0.019380321629838382,0.06720930505875522,both
gptneo,GPT-Neo-125M,43,10,0.8333333333333334,0.00367184288372,0.9833089301049922,0.9798509439954396,0.0368401258995682,0.09966966165452322,both
gptneo,GPT-Neo-125M,43,11,0.9166666666666666,0.0066558564691721,0.968339276985428,0.9624272953165448,0.0692334276980272,0.09613645735124794,both
gptneo,GPT-Neo-125M,43,12,1.0,0.0664910268664705,0.628847654332203,0.652081347851486,0.719070997816311,0.0924679580575378,neither
gptneo,GPT-Neo-125M,44,0,0.0,5.466805340574335e-05,0.9268186252919796,0.9268242136164236,0.1463571610915969,0.00037352496453200274,neither
gptneo,GPT-Neo-125M,44,1,0.08333333333333333,0.0010832290838841,0.9855561735943896,0.9845073943472012,0.029936432058409124,0.036184308195799895,both
gptneo,GPT-Neo-125M,44,2,0.16666666666666666,0.0007717093970642,0.9950725960415056,0.9943009657207624,0.010626438237732128,0.07262164234146028,both
gptneo,GPT-Neo-125M,44,3,0.25,0.0004309146630624,0.9969193533633158,0.9964895334242808,0.0065911132124033545,0.0653781310039542,both
gptneo,GPT-Neo-125M,44,4,0.3333333333333333,0.0007633024670331,0.9967316793548708,0.9959699943031382,0.007298326341991013,0.10458596002229027,both
gptneo,GPT-Neo-125M,44,5,0.4166666666666667,0.000870755675604,0.9961180922555346,0.9952497292113648,0.00863217853310061,0.10087322363236984,both
gptneo,GPT-Neo-125M,44,6,0.5,0.0009727172887013,0.9954946553740396,0.9945260313408272,0.00997931328513324,0.09747336924980732,both
gptneo,GPT-Neo-125M,44,7,0.5833333333333334,0.0008851602902508,0.9951697519339578,0.994292440112617,0.010537807953425071,0.083998521719415,both
gptneo,GPT-Neo-125M,44,8,0.6666666666666666,0.0009692939589991,0.9934436583423144,0.9925339329479492,0.014022408709736256,0.06912464035697981,both
gptneo,GPT-Neo-125M,44,9,0.75,0.0014758157734022,0.9908300932404014,0.9894434567106438,0.01972645004895468,0.07481405776202518,both
gptneo,GPT-Neo-125M,44,10,0.8333333333333334,0.0039251230814256,0.9831556735368208,0.9794230141381656,0.03742131232501367,0.10489004360229011,both
gptneo,GPT-Neo-125M,44,11,0.9166666666666666,0.0075406906625982,0.9681023088912452,0.961182967659792,0.0707147234489629,0.1066353694791801,both
gptneo,GPT-Neo-125M,44,12,1.0,0.0651181789897198,0.6258504308510482,0.6402039339682054,0.7339456351807464,0.08872343654402054,neither
opt125m,OPT-125M,42,0,0.0,0.0023074483115689,0.2828618335502385,0.2812621676152368,1.4358759988345247,0.0016069969227438968,neither
opt125m,OPT-125M,42,1,0.08333333333333333,0.0170585359144169,0.4403496495103966,0.4571431052513194,1.102507245238284,0.015472493253983153,neither
opt125m,OPT-125M,42,2,0.16666666666666666,0.0141523995867992,0.4688608328565974,0.4650507678524807,1.066088399290922,0.013275071369515194,neither
opt125m,OPT-125M,42,3,0.25,0.0196026149042163,0.4644221140907471,0.455670782613559,1.0799071032956942,0.018152130719755827,neither
opt125m,OPT-125M,42,4,0.3333333333333333,0.0222763771769528,0.4703845000822363,0.4592163774660748,1.070399122451689,0.020811281240524573,neither
opt125m,OPT-125M,42,5,0.4166666666666667,0.0275448526562355,0.4812396208529744,0.4682526219724552,1.0505077571745705,0.02622051333568418,neither
opt125m,OPT-125M,42,6,0.5,0.026705195985538,0.4722344469543039,0.4745559497469417,1.0532096032987543,0.025356012613153872,neither
opt125m,OPT-125M,42,7,0.5833333333333334,0.0321481876860077,0.4760162032587449,0.4908546375534494,1.0331291591878058,0.031117297774540587,neither
opt125m,OPT-125M,42,8,0.6666666666666666,0.0375105238484756,0.4725688819040078,0.480150418786561,1.047280699309431,0.03581706783406756,neither
opt125m,OPT-125M,42,9,0.75,0.0487293835406769,0.4660011909202448,0.4738190552918038,1.0601797537879514,0.0459633221315254,neither
opt125m,OPT-125M,42,10,0.8333333333333334,0.0610749431948463,0.4605893725807484,0.4846010096193612,1.0548096177998905,0.05790139013164831,neither
opt125m,OPT-125M,42,11,0.9166666666666666,0.0889794545231531,0.4835537536449726,0.5132185481400878,1.0032276982149395,0.08869317970534087,neither
opt125m,OPT-125M,42,12,1.0,0.1026727169890956,0.494333286247916,0.5482565525413647,0.9574101612107193,0.10724005358294714,neither
opt125m,OPT-125M,43,0,0.0,0.002446780410395,0.2868765890316668,0.2851462596389052,1.427977151329428,0.001713459076090314,neither
opt125m,OPT-125M,43,1,0.08333333333333333,0.0081546867372922,0.4421486695948512,0.4468728403777913,1.1109784900273576,0.007340094169682253,neither
opt125m,OPT-125M,43,2,0.16666666666666666,0.019177204652319,0.4717763390112284,0.4580099393419544,1.0702137216468173,0.01791904202350313,neither
opt125m,OPT-125M,43,3,0.25,0.0392312640886553,0.4680228252433737,0.4316605740569826,1.1003166006996439,0.03565452349233832,neither
opt125m,OPT-125M,43,4,0.3333333333333333,0.0434907864423603,0.4742356985785843,0.4339417166445483,1.0918225847768674,0.03983319913761298,neither
opt125m,OPT-125M,43,5,0.4166666666666667,0.0491510590983313,0.4855738477182942,0.4409483659955877,1.073477786286118,0.045786750062502816,neither
opt125m,OPT-125M,43,6,0.5,0.0489012098035885,0.4775015287526455,0.43613487008885,1.0863636011585047,0.045013667386720205,neither
opt125m,OPT-125M,43,7,0.5833333333333334,0.0387943177139889,0.4821831655513969,0.4594120351820635,1.0584047992665395,0.036653573132768145,neither
opt125m,OPT-125M,43,8,0.6666666666666666,0.035504316208788,0.4809470573485526,0.4797225129058845,1.0393304297455628,0.03416075888154239,neither
opt125m,OPT-125M,43,9,0.75,0.0412441716634044,0.4753037306735761,0.4830612027488679,1.041635066577556,0.03959560597255826,neither
opt125m,OPT-125M,43,10,0.8333333333333334,0.0572773424039383,0.4717675829259213,0.5152519069842997,1.012980510089779,0.056543380483067625,neither
opt125m,OPT-125M,43,11,0.9166666666666666,0.0808225976545881,0.4947837134133273,0.5421104447048911,0.9631058418817816,0.08391870772652715,neither
opt125m,OPT-125M,43,12,1.0,0.0969692734656721,0.5060468955904801,0.5782594274600972,0.9156936769494228,0.10589706569637924,neither
opt125m,OPT-125M,44,0,0.0,0.0025761766928871,0.2861081599717461,0.2841432515081612,1.4297485885200927,0.0018018389481703596,neither
opt125m,OPT-125M,44,1,0.08333333333333333,0.011962776205646,0.4406575182435491,0.4516192892218845,1.1077231925345665,0.010799427407739051,neither
opt125m,OPT-125M,44,2,0.16666666666666666,0.0200367038086266,0.4703294511532855,0.4587233846730142,1.0709471641737003,0.018709329908059576,neither
opt125m,OPT-125M,44,3,0.25,0.0306135848398442,0.4669378889181501,0.4429749307982217,1.090087180283628,0.028083611470303596,neither
opt125m,OPT-125M,44,4,0.3333333333333333,0.034562164995663,0.4731495481895805,0.4459544309158579,1.0808960208945617,0.03197547620450945,neither
opt125m,OPT-125M,44,5,0.4166666666666667,0.0382591051305632,0.4837426861418417,0.4572282688246602,1.059029045033498,0.03612658718850627,neither
opt125m,OPT-125M,44,6,0.5,0.0426892151736106,0.4757413781339241,0.4495752206425289,1.0746834012235469,0.039722596557282025,neither
opt125m,OPT-125M,44,7,0.5833333333333334,0.036965345217417,0.4809819982536892,0.4714665002570035,1.0475515014893073,0.035287377436682824,neither
opt125m,OPT-125M,44,8,0.6666666666666666,0.0371781618277324,0.4798518976892579,0.4856448855263703,1.0345032167843717,0.035938179045296954,neither
opt125m,OPT-125M,44,9,0.75,0.0467189432317954,0.4739584546541974,0.4799372189747869,1.0461043263710157,0.04465992736486004,neither
opt125m,OPT-125M,44,10,0.8333333333333334,0.0615124844419048,0.4711153933691956,0.5079494041686149,1.0209352024621894,0.0602511151477147,neither
opt125m,OPT-125M,44,11,0.9166666666666666,0.0824732010163821,0.495197038291379,0.5258986609673166,0.9789043007413043,0.0842505247488716,neither
opt125m,OPT-125M,44,12,1.0,0.0935304931970595,0.5075946517662527,0.5592849564913627,0.9331203917423847,0.10023411129448485,neither
smollm2135m,SmolLM2-135M,42,0,0.0,0.0010239068510552,0.1666363031282331,0.1657450598712744,1.6676186370004924,0.0006139934085270706,neither
smollm2135m,SmolLM2-135M,42,1,0.03333333333333333,0.005026691077371,0.3551334049143065,0.3505599761200225,1.2943066189656711,0.003883694175486808,neither
smollm2135m,SmolLM2-135M,42,2,0.06666666666666667,0.0042913778987818,0.5704543261185946,0.5665238146997769,0.8630218591816285,0.004972501974458855,neither
smollm2135m,SmolLM2-135M,42,3,0.1,0.0044529573500471,0.5818831589689387,0.5781221440456509,0.8399946969854103,0.0053011731693401905,neither
smollm2135m,SmolLM2-135M,42,4,0.13333333333333333,0.0037635514161511,0.5861193849232019,0.5860886879356156,0.8277919271411825,0.004546494466488333,neither
smollm2135m,SmolLM2-135M,42,5,0.16666666666666666,0.0041571058233941,0.580163147577644,0.5814170821651206,0.8384197702572354,0.0049582631169571055,neither
smollm2135m,SmolLM2-135M,42,6,0.2,0.0052974687061368,0.5874248890865382,0.586660459760246,0.8259146511532159,0.006414063122309309,neither
smollm2135m,SmolLM2-135M,42,7,0.23333333333333334,0.0055988495619591,0.5915630664690578,0.5906904043832902,0.8177465291476521,0.0068466809242160335,neither
smollm2135m,SmolLM2-135M,42,8,0.26666666666666666,0.005772281960797,0.6205180345791996,0.6214372525178258,0.7580447129029746,0.00761469852971037,neither
smollm2135m,SmolLM2-135M,42,9,0.3,0.0063902020493623,0.638701091790544,0.6400206853276983,0.7212782228817577,0.008859552176455872,neither
smollm2135m,SmolLM2-135M,42,10,0.3333333333333333,0.0071131611688631,0.6486807521965291,0.6493540034774177,0.7019652443260531,0.01013320990798105,neither
smollm2135m,SmolLM2-135M,42,11,0.36666666666666664,0.0076796617200741,0.6677612621591578,0.6688911081826427,0.6633476296581995,0.01157712996431625,neither
smollm2135m,SmolLM2-135M,42,12,0.4,0.0086078678608688,0.6447591572029531,0.6475644792387162,0.7076763635583309,0.012163565584678862,neither
smollm2135m,SmolLM2-135M,42,13,0.43333333333333335,0.0108237498048129,0.6152239876469137,0.6206862704412653,0.764089741911821,0.014165547855322475,neither
smollm2135m,SmolLM2-135M,42,14,0.4666666666666667,0.0158592203047714,0.6523546101083254,0.6666089457826214,0.6810364441090531,0.023286889331625683,neither
smollm2135m,SmolLM2-135M,42,15,0.5,0.0114045043480923,0.6508611801330625,0.6528534568603926,0.6962853630065448,0.016379066621259857,neither
smollm2135m,SmolLM2-135M,42,16,0.5333333333333333,0.012914702602739,0.6833047361094333,0.6923385595656824,0.6243567043248843,0.020684814487102597,neither
smollm2135m,SmolLM2-135M,42,17,0.5666666666666667,0.0108211114419266,0.7129147981707856,0.7087773741989702,0.5783078276302442,0.018711680743227554,neither
smollm2135m,SmolLM2-135M,42,18,0.6,0.0109909703896752,0.7016985267015469,0.6991240658973954,0.5991774074010578,0.018343432602622185,neither
smollm2135m,SmolLM2-135M,42,19,0.6333333333333333,0.0151869743828249,0.7014555125252053,0.6921177213732779,0.6064267661015168,0.025043377422893264,neither
smollm2135m,SmolLM2-135M,42,20,0.6666666666666666,0.0159613765520948,0.7381501917895013,0.7285712432575852,0.5332785649529136,0.02993065463545141,neither
smollm2135m,SmolLM2-135M,42,21,0.7,0.0146630563096591,0.7272112467073093,0.724114464914611,0.5486742883780797,0.026724518754112095,neither
smollm2135m,SmolLM2-135M,42,22,0.7333333333333333,0.0154412260120943,0.7283761073464715,0.7296952188087492,0.5419286738447792,0.02849309652236084,neither
smollm2135m,SmolLM2-135M,42,23,0.7666666666666667,0.0220765744174871,0.7281232236811634,0.7164055119115437,0.5554712644072929,0.03974386405216401,neither
smollm2135m,SmolLM2-135M,42,24,0.8,0.0272404315386717,0.7164657687693912,0.7018210641878448,0.581713167042764,0.04682794387679581,neither
smollm2135m,SmolLM2-135M,42,25,0.8333333333333334,0.0241970295161187,0.7599439972914804,0.7488873475555106,0.4911686551530091,0.049264197261490214,neither
smollm2135m,SmolLM2-135M,42,26,0.8666666666666667,0.0257972483051892,0.7786805756095949,0.7624756047368269,0.45884381965357823,0.05622228566719243,neither
smollm2135m,SmolLM2-135M,42,27,0.9,0.0284260756865183,0.7683105900814355,0.7503777663498284,0.481311643568736,0.05905960528141426,neither
smollm2135m,SmolLM2-135M,42,28,0.9333333333333333,0.03620639848955,0.7966920158197908,0.766865793242205,0.4364421909380042,0.08295806235353871,neither
smollm2135m,SmolLM2-135M,42,29,0.9666666666666667,0.0344131465520972,0.8166111540508268,0.7876580441070158,0.3957308018421575,0.0869610007406584,neither
smollm2135m,SmolLM2-135M,42,30,1.0,0.1613179966161661,0.7481544860492513,0.5879516205471975,0.6638938934035512,0.24298761928528262,neither
smollm2135m,SmolLM2-135M,43,0,0.0,0.0011043093796311,0.1672124744150706,0.1662407261903299,1.6665467993945997,0.0006626332846051837,neither
smollm2135m,SmolLM2-135M,43,1,0.03333333333333333,0.0061250842342864,0.3567305189194765,0.3508555900107584,1.2924138910697651,0.004739259053627555,neither
smollm2135m,SmolLM2-135M,43,2,0.06666666666666667,0.0079829813993121,0.5718107876091671,0.5639019212680313,0.8642872911228016,0.009236490552743585,neither
smollm2135m,SmolLM2-135M,43,3,0.1,0.0066695656694622,0.5828660849185401,0.5764947311241816,0.8406391839572783,0.007933921945043606,neither
smollm2135m,SmolLM2-135M,43,4,0.13333333333333333,0.0053343195786262,0.5874045923508555,0.5834355226739165,0.829159884975228,0.006433402863894661,neither
smollm2135m,SmolLM2-135M,43,5,0.16666666666666666,0.0053649420908802,0.5814968502641964,0.5784803924862325,0.8400227572495711,0.006386662795239337,neither
smollm2135m,SmolLM2-135M,43,6,0.2,0.0080342041923847,0.5885816079338415,0.5827165342100751,0.8287018578560834,0.0096949272120251,neither
smollm2135m,SmolLM2-135M,43,7,0.23333333333333334,0.0075689278693369,0.5929226672164959,0.5883270270981712,0.8187503056853328,0.009244488602665435,neither
smollm2135m,SmolLM2-135M,43,8,0.26666666666666666,0.0068076948122354,0.6218250209431461,0.6201310984398353,0.7580438806170186,0.008980607833275032,neither
smollm2135m,SmolLM2-135M,43,9,0.3,0.0077551420415573,0.6403736460263921,0.6375712281115085,0.7220551258620993,0.01074037391853985,neither
smollm2135m,SmolLM2-135M,43,10,0.3333333333333333,0.0094257409834264,0.6498972905980056,0.6455029823331881,0.7045997270688062,0.013377440582667084,neither
smollm2135m,SmolLM2-135M,43,11,0.36666666666666664,0.0097321915307008,0.6693040259505543,0.6646772285004253,0.6660187455490204,0.014612488906266813,neither
smollm2135m,SmolLM2-135M,43,12,0.4,0.0100701260828475,0.6465515514949658,0.6434101713435242,0.71003827716151,0.014182511572621714,neither
smollm2135m,SmolLM2-135M,43,13,0.43333333333333335,0.0111222986391892,0.6175847640004773,0.6169808474723428,0.7654343885271797,0.014530701528305141,neither
smollm2135m,SmolLM2-135M,43,14,0.4666666666666667,0.013218402264868,0.6543887620229877,0.6631987985198277,0.6824124394571845,0.01937010743148585,neither
smollm2135m,SmolLM2-135M,43,15,0.5,0.0131672774613715,0.6530147872148857,0.6482273064221767,0.6987579063629376,0.01884383323819218,neither
smollm2135m,SmolLM2-135M,43,16,0.5333333333333333,0.0115938435999621,0.6849152238440481,0.6864289905704056,0.6286557855855462,0.018442276148247477,neither
smollm2135m,SmolLM2-135M,43,17,0.5666666666666667,0.0143827302821198,0.7142480469971765,0.704493694649347,0.5812582583534767,0.02474413064316985,neither
smollm2135m,SmolLM2-135M,43,18,0.6,0.0144075104489296,0.7025983553895565,0.6935353163093245,0.603866328301119,0.02385877432421645,neither
smollm2135m,SmolLM2-135M,43,19,0.6333333333333333,0.020821087855556,0.7025494053145073,0.6857889582429403,0.6116616364425526,0.034040205589240875,neither
smollm2135m,SmolLM2-135M,43,20,0.6666666666666666,0.0204984945619057,0.7392712027193222,0.7235216717523061,0.5372071255283717,0.038157525445598556,neither
smollm2135m,SmolLM2-135M,43,21,0.7,0.0168349463276961,0.728600839304083,0.7207361735230651,0.5506629871728519,0.030572140710106683,neither
smollm2135m,SmolLM2-135M,43,22,0.7333333333333333,0.0158989980010331,0.7306170593427785,0.7292853897434892,0.5400975509137322,0.029437271052489163,neither
smollm2135m,SmolLM2-135M,43,23,0.7666666666666667,0.0230238660643804,0.7311022620174409,0.7170185475221319,0.5518791904604271,0.041719032828854856,neither
smollm2135m,SmolLM2-135M,43,24,0.8,0.0285695743650578,0.7201028736284276,0.7037600328838621,0.5761370934877103,0.04958815304202805,neither
smollm2135m,SmolLM2-135M,43,25,0.8333333333333334,0.0254392160188795,0.764610717093904,0.7514768399250562,0.48391244298103975,0.05256987371964775,neither
smollm2135m,SmolLM2-135M,43,26,0.8666666666666667,0.0273782512729345,0.7831547759030489,0.76490917912871,0.4519360449682409,0.060579924035177285,neither
smollm2135m,SmolLM2-135M,43,27,0.9,0.0302005971524398,0.7730264167734722,0.7526185861583674,0.4743549970681604,0.06366665754361232,neither
smollm2135m,SmolLM2-135M,43,28,0.9333333333333333,0.0384382911059056,0.8010586764284298,0.7686540303903064,0.4302872931812638,0.08933169004763755,neither
smollm2135m,SmolLM2-135M,43,29,0.9666666666666667,0.0361465148530202,0.820881906273156,0.7899803214223495,0.3891377723044944,0.09288873356847019,neither
smollm2135m,SmolLM2-135M,43,30,1.0,0.1629331157264878,0.7500582501149589,0.5886166184759676,0.6613251314090736,0.24637369425131198,neither
smollm2135m,SmolLM2-135M,44,0,0.0,0.0010989885324846,0.1630681526514825,0.1621247407715554,1.674807106576962,0.0006561881234972526,neither
smollm2135m,SmolLM2-135M,44,1,0.03333333333333333,0.0075402018719324,0.3523696177634615,0.3449973555754281,1.3026330266611104,0.005788431367550487,neither
smollm2135m,SmolLM2-135M,44,2,0.06666666666666667,0.0122439794745519,0.5689646850362895,0.5567234540770364,0.8743118608866741,0.014004132875579198,neither
smollm2135m,SmolLM2-135M,44,3,0.1,0.0120367461835055,0.5801176650145363,0.5681033159729669,0.8517790190124968,0.014131301563943434,neither
smollm2135m,SmolLM2-135M,44,4,0.13333333333333333,0.00973756686974,0.5846619332749367,0.5751698846762209,0.8401681820488426,0.011590020995551,neither
smollm2135m,SmolLM2-135M,44,5,0.16666666666666666,0.0089891123412484,0.5785584138062365,0.5700716179312617,0.8513699682625018,0.010558409007066125,neither
smollm2135m,SmolLM2-135M,44,6,0.2,0.0121003799635801,0.5856306891455355,0.5740277985279737,0.8403415123264909,0.014399360005529323,neither
smollm2135m,SmolLM2-135M,44,7,0.23333333333333334,0.0107515347981234,0.5895989723882756,0.5798880836434339,0.8305129439682903,0.012945655906037154,neither
smollm2135m,SmolLM2-135M,44,8,0.26666666666666666,0.0085064546581483,0.6187202250026503,0.6122474259320976,0.769032349065252,0.011061244261685189,neither
smollm2135m,SmolLM2-135M,44,9,0.3,0.009286031420027,0.636919785828529,0.6298770770988531,0.7332031370726177,0.012665018670136014,neither
smollm2135m,SmolLM2-135M,44,10,0.3333333333333333,0.0116058515914625,0.6462764546485261,0.636914372350198,0.7168091730012758,0.016190992008192177,neither
smollm2135m,SmolLM2-135M,44,11,0.36666666666666664,0.0113419769550165,0.6655874589089061,0.6570315592101763,0.6773809818809176,0.01674386683181253,neither
smollm2135m,SmolLM2-135M,44,12,0.4,0.0109449085669794,0.6426244919690592,0.6361191659185826,0.721256342112358,0.01517478312207949,neither
smollm2135m,SmolLM2-135M,44,13,0.43333333333333335,0.0117368931299169,0.6132203636622566,0.6092224553004332,0.7775571810373102,0.01509457235577086,neither
smollm2135m,SmolLM2-135M,44,14,0.4666666666666667,0.012508303208914,0.6505061825728609,0.6568716781222054,0.6926221393049338,0.018059346502360497,neither
smollm2135m,SmolLM2-135M,44,15,0.5,0.0129335432977775,0.6491507970019696,0.6437302482187134,0.707118954779317,0.018290477451299404,neither
smollm2135m,SmolLM2-135M,44,16,0.5333333333333333,0.0113985882120724,0.6813454098713562,0.6812939537823616,0.6373606363462822,0.017884047997403268,neither
smollm2135m,SmolLM2-135M,44,17,0.5666666666666667,0.014631357837372,0.711029768676973,0.6997830486601874,0.5891871826628395,0.02483312310231424,neither
smollm2135m,SmolLM2-135M,44,18,0.6,0.0136782219506305,0.6994297335191414,0.6906387610114482,0.6099315054694106,0.022425832782819732,neither
smollm2135m,SmolLM2-135M,44,19,0.6333333333333333,0.0216121342140129,0.6990805697945246,0.6803597742676069,0.6205596559378685,0.03482684381302535,neither
smollm2135m,SmolLM2-135M,44,20,0.6666666666666666,0.0216768589953713,0.7357741268799091,0.7173338037482233,0.5468920693718677,0.03963644786487438,neither
smollm2135m,SmolLM2-135M,44,21,0.7,0.0175545525152689,0.7241748873771086,0.713025143928672,0.5627999686942194,0.031191459651282682,neither
smollm2135m,SmolLM2-135M,44,22,0.7333333333333333,0.0161557541469002,0.7256640676418773,0.7207424412691396,0.5535934910889831,0.029183425034712645,neither
smollm2135m,SmolLM2-135M,44,23,0.7666666666666667,0.024783886332201,0.7249268943130154,0.7064857640661194,0.5685873416208652,0.043588529884520236,neither
smollm2135m,SmolLM2-135M,44,24,0.8,0.0307672284041818,0.7117287998921512,0.6901517313141401,0.5981194687937088,0.05143993802146809,neither
smollm2135m,SmolLM2-135M,44,25,0.8333333333333334,0.0265036724075254,0.7537220635832322,0.7376526568268935,0.5086252795898742,0.052108445000799836,neither
smollm2135m,SmolLM2-135M,44,26,0.8666666666666667,0.0285335104205553,0.772463111883318,0.7515628366308207,0.47597405148586147,0.059947617588566954,neither
smollm2135m,SmolLM2-135M,44,27,0.9,0.0315414230941291,0.7616012518545276,0.7379657137223198,0.5004330344231526,0.06302825937637548,neither
smollm2135m,SmolLM2-135M,44,28,0.9333333333333333,0.0393079496795042,0.7913505805607339,0.7566541029787048,0.45199531646056124,0.08696539156049862,neither
smollm2135m,SmolLM2-135M,44,29,0.9666666666666667,0.0375032171298486,0.8121354148761647,0.7785148570590261,0.4093497280648093,0.09161656783587993,neither
smollm2135m,SmolLM2-135M,44,30,1.0,0.1636083185132247,0.7404710554405705,0.5777944601716472,0.6817344843877824,0.2399883272153231,neither
pythia,Pythia-160M,42,0,0.0,0.0006894096472655,0.0643572074769905,0.0643493550771876,1.8712934374458219,0.0003684134371819812,neither
pythia,Pythia-160M,42,1,0.08333333333333333,0.0229575305733361,0.3801640121075563,0.3578537517373422,1.2619822361551016,0.018191643206707186,neither
pythia,Pythia-160M,42,2,0.16666666666666666,0.0357987238200111,0.5170721370748738,0.4842334784228817,0.9986943845022445,0.035845524292051976,neither
pythia,Pythia-160M,42,3,0.25,0.0380036983565629,0.5271605687145003,0.5393968840506853,0.9334425472348145,0.04071348415512367,neither
pythia,Pythia-160M,42,4,0.3333333333333333,0.0402479436245129,0.569776948320478,0.589872968690987,0.840350082988535,0.047894257928052124,neither
pythia,Pythia-160M,42,5,0.4166666666666667,0.048697714999224,0.6167569874316324,0.6486713276375423,0.7345716849308251,0.06629402684342492,neither
pythia,Pythia-160M,42,6,0.5,0.0532269287838222,0.6519560064519943,0.6656875504401811,0.6823564431078246,0.07800458150786654,neither
pythia,Pythia-160M,42,7,0.5833333333333334,0.064999281304003,0.6847497155085951,0.659799112844218,0.6554511716471869,0.09916723642534046,neither
pythia,Pythia-160M,42,8,0.6666666666666666,0.088906818179585,0.7802643877709724,0.6988245876586665,0.520911024570361,0.17067563170296485,neither
pythia,Pythia-160M,42,9,0.75,0.1011352820995097,0.6764096031772769,0.5916813736850018,0.7319090231377211,0.13818012745073013,neither
pythia,Pythia-160M,42,10,0.8333333333333334,0.1063777052586106,0.6902528651796167,0.6056093301703208,0.7041378046500625,0.1510751227332233,neither
pythia,Pythia-160M,42,11,0.9166666666666666,0.1346982629898119,0.6863575583513395,0.5831675299353212,0.7304749117133393,0.1843982056466186,neither
pythia,Pythia-160M,42,12,1.0,0.0037938154648599,0.9883252481446976,0.988252480113332,0.023422271741970424,0.1619747011158509,both
pythia,Pythia-160M,43,0,0.0,0.0006803377152305,0.0645128924207503,0.0644546177206406,1.871032489858609,0.0003636161952922111,neither
pythia,Pythia-160M,43,1,0.08333333333333333,0.033275897488161,0.3814154398239635,0.3483653970651724,1.2702191631108641,0.02619697328976346,neither
pythia,Pythia-160M,43,2,0.16666666666666666,0.0421489497749353,0.5197471997291861,0.4798391002393792,1.0004137000314346,0.04213151996380189,neither
pythia,Pythia-160M,43,3,0.25,0.0380685665393571,0.531036008728525,0.5155802360381923,0.9533837552332829,0.039929950904231765,neither
pythia,Pythia-160M,43,4,0.3333333333333333,0.0363932033536016,0.5739970952117772,0.58527530303164,0.8407276017565828,0.04328774656329005,neither
pythia,Pythia-160M,43,5,0.4166666666666667,0.0455682814040389,0.6202067154034085,0.6549780705189534,0.724815214077638,0.06286882576275211,neither
pythia,Pythia-160M,43,6,0.5,0.0608613561202181,0.655139841532524,0.6943791236242384,0.6504810348432376,0.0935636134801153,neither
pythia,Pythia-160M,43,7,0.5833333333333334,0.0687305617811289,0.6883198810445548,0.6930454259437135,0.6186346930117317,0.11110039989274494,neither
pythia,Pythia-160M,43,8,0.6666666666666666,0.0667867514533643,0.7841059178275666,0.7450521048250232,0.4708419773474102,0.14184536355407787,neither
pythia,Pythia-160M,43,9,0.75,0.0616326244521936,0.6796101192982276,0.6922842608459445,0.6281056198558279,0.09812461870081728,neither
pythia,Pythia-160M,43,10,0.8333333333333334,0.0749478011830599,0.6908935261546006,0.6951067637884351,0.6139997100569642,0.12206488041518222,neither
pythia,Pythia-160M,43,11,0.9166666666666666,0.1172491447655402,0.684670452220851,0.6541815104361618,0.6611480373429871,0.17734174215617352,neither
pythia,Pythia-160M,43,12,1.0,0.0041213903814699,0.9881247087943676,0.9895933495879689,0.022281941617663503,0.1849654959244109,both
pythia,Pythia-160M,44,0,0.0,0.0007557680584468,0.0692078734710735,0.0693508240609859,1.8614413024679406,0.00040601229673199247,neither
pythia,Pythia-160M,44,1,0.08333333333333333,0.0282725506412633,0.3907251896494539,0.3633193897827558,1.2459554205677903,0.022691462450863054,neither
pythia,Pythia-160M,44,2,0.16666666666666666,0.0472631175156151,0.5290265144215336,0.4835360536500299,0.9874374319284365,0.047864417518902046,neither
pythia,Pythia-160M,44,3,0.25,0.0395015004483915,0.5398255005454218,0.5294727488962676,0.9307017505583106,0.042442705651617486,neither
pythia,Pythia-160M,44,4,0.3333333333333333,0.0454240573847231,0.5813353208526568,0.6082611244954756,0.8104035546518675,0.056051157628789434,neither
pythia,Pythia-160M,44,5,0.4166666666666667,0.0578366544322832,0.6301323222517783,0.6758038101378596,0.6940638676103621,0.08333045002243497,neither
pythia,Pythia-160M,44,6,0.5,0.0910535889041256,0.667078924184678,0.7546636204993484,0.5782574553159736,0.1574620233030489,neither
pythia,Pythia-160M,44,7,0.5833333333333334,0.0740627657043329,0.7006140550942608,0.7591008769760991,0.5402850679296402,0.13708090432360032,neither
pythia,Pythia-160M,44,8,0.6666666666666666,0.0642743226509502,0.7923974133450733,0.7607662229745231,0.4468363636804036,0.14384308860082376,neither
pythia,Pythia-160M,44,9,0.75,0.0585985928971427,0.696581589989988,0.712104224693562,0.5913141853164499,0.09909891281532991,neither
pythia,Pythia-160M,44,10,0.8333333333333334,0.0739588683074814,0.7099118258888794,0.7054140794568334,0.5846740946542871,0.12649588716806867,neither
pythia,Pythia-160M,44,11,0.9166666666666666,0.1081855256633055,0.7096356042393386,0.6835548690572237,0.6068095267034377,0.17828580617551568,neither
pythia,Pythia-160M,44,12,1.0,0.0037561303577699,0.9894637363698596,0.9904875722015174,0.02004869142862309,0.18735039995714398,both
opt350m,OPT-350M,42,0,0.0,0.0067655622759618,0.3553071859767316,0.3490506264204955,1.2956421876027728,0.005221782943390876,neither
opt350m,OPT-350M,42,1,0.041666666666666664,0.0183704251392918,0.3671443058966764,0.3488205478373203,1.2840351462660033,0.014306793075495882,neither
opt350m,OPT-350M,42,2,0.08333333333333333,0.0238080208915939,0.3830934730331256,0.359336553947432,1.2575699730194423,0.01893176634492196,neither
opt350m,OPT-350M,42,3,0.125,0.0264710367429344,0.3957594168422749,0.3694466235451238,1.2347939596126012,0.02143761437838529,neither
opt350m,OPT-350M,42,4,0.16666666666666666,0.0359831371505557,0.4169348763490906,0.3810754681939963,1.2019896554569132,0.029936311836957868,neither
opt350m,OPT-350M,42,5,0.20833333333333334,0.0267073921717441,0.4247764319388177,0.399825077746598,1.1753984903145844,0.022721989514038015,neither
opt350m,OPT-350M,42,6,0.25,0.0300711236608746,0.4199428893484104,0.3923027255905528,1.1877543850610368,0.025317627986975854,neither
opt350m,OPT-350M,42,7,0.2916666666666667,0.0479097851314673,0.4261735667087306,0.3794495090976925,1.1943769241935769,0.0401127853033624,neither
opt350m,OPT-350M,42,8,0.3333333333333333,0.0641818642681321,0.4364642063960608,0.3737645423540548,1.1897712512498844,0.05394470928819927,neither
opt350m,OPT-350M,42,9,0.375,0.0792944854435321,0.4570658275713359,0.3792505404022828,1.1636836320263813,0.06814093045671923,neither
opt350m,OPT-350M,42,10,0.4166666666666667,0.0851348591729814,0.4852028221705371,0.4016009957502364,1.1131961820792264,0.07647785767102311,neither
opt350m,OPT-350M,42,11,0.4583333333333333,0.0868142153382268,0.4855697819278987,0.4016788925202458,1.1127513255518555,0.07801762473315621,neither
opt350m,OPT-350M,42,12,0.5,0.0913106292986601,0.4867912347370079,0.3990046512503416,1.1142041140126506,0.08195143793700206,neither
opt350m,OPT-350M,42,13,0.5416666666666666,0.1023707729452349,0.4950941648022516,0.3971666613162732,1.1077391738814752,0.09241414888897688,neither
opt350m,OPT-350M,42,14,0.5833333333333334,0.0945011469827863,0.5023574856240576,0.4137586594448623,1.08388385493108,0.08718752157148356,neither
opt350m,OPT-350M,42,15,0.625,0.1077015733808288,0.5082743422249426,0.406458461999484,1.0852671957755733,0.09923968383091239,neither
opt350m,OPT-350M,42,16,0.6666666666666666,0.1020512603251189,0.5379941320153294,0.4439583460273586,1.018047521957312,0.10024213813606045,neither
opt350m,OPT-350M,42,17,0.7083333333333334,0.0949409989644926,0.5528566736573943,0.4685146927791822,0.9786286335634236,0.09701432771161565,neither
opt350m,OPT-350M,42,18,0.75,0.0956873013905634,0.5766428143453706,0.492601528043977,0.9307556576106524,0.10280603787701142,neither
opt350m,OPT-350M,42,19,0.7916666666666666,0.0793020375218824,0.5987887902469791,0.5355938441607992,0.8656173655922217,0.09161327010535081,neither
opt350m,OPT-350M,42,20,0.8333333333333334,0.0816464948256132,0.585636524835695,0.527485163646946,0.8868783115173591,0.09206053836847618,neither
opt350m,OPT-350M,42,21,0.875,0.0807272437511196,0.5663971079052084,0.5224563351320335,0.9111465569627581,0.0885996255313943,neither
opt350m,OPT-350M,42,22,0.9166666666666666,0.0759617446371564,0.573609364277887,0.5488881734647639,0.8775024622573491,0.08656584785157988,neither
opt350m,OPT-350M,42,23,0.9583333333333334,0.0870587408967905,0.587247038878078,0.5812120602108556,0.8315409009110662,0.10469568099585456,neither
opt350m,OPT-350M,42,24,1.0,0.1153685244018364,0.637878544524001,0.6402868546323257,0.7218346008436733,0.15982681388090123,neither
opt350m,OPT-350M,43,0,0.0,0.0065925081180285,0.3529801153636968,0.3471734180624667,1.2998464665738365,0.005071759078905046,neither
opt350m,OPT-350M,43,1,0.041666666666666664,0.0122169991877666,0.3646634746340911,0.3528133066729628,1.282523218692946,0.009525752836051789,neither
opt350m,OPT-350M,43,2,0.08333333333333333,0.0138583306779715,0.3808356931439761,0.3679808294815933,1.2511834773744308,0.01107617781770326,neither
opt350m,OPT-350M,43,3,0.125,0.0176688366546334,0.393698561648257,0.3776272462624278,1.2286741920893154,0.014380408385227162,neither
opt350m,OPT-350M,43,4,0.16666666666666666,0.0182698833455714,0.4152536749190812,0.4027316273710908,1.182014697709828,0.015456561903138415,neither
opt350m,OPT-350M,43,5,0.20833333333333334,0.0201783238394956,0.4233833044914274,0.4123212367174691,1.1642954587911034,0.017330930638900628,neither
opt350m,OPT-350M,43,6,0.25,0.0197780932072112,0.4186644439492984,0.4137489295938724,1.1675866264568293,0.0169392940609726,neither
opt350m,OPT-350M,43,7,0.2916666666666667,0.0271077323147755,0.4249317057583036,0.4060656991906562,1.1690025950510403,0.023188770007471146,neither
opt350m,OPT-350M,43,8,0.3333333333333333,0.0378876916993147,0.4351024839692483,0.4046961897966458,1.1602013262341058,0.032656135484945746,neither
opt350m,OPT-350M,43,9,0.375,0.0508623393323684,0.4560163201679429,0.4120453726648667,1.1319383071671905,0.04493384401810504,neither
opt350m,OPT-350M,43,10,0.4166666666666667,0.05634439082089,0.4844607954651702,0.434157279158133,1.081381925376697,0.052104061940246096,neither
opt350m,OPT-350M,43,11,0.4583333333333333,0.0445208849942752,0.4848759499621774,0.4535796474544017,1.0615444025834209,0.04193972940361913,neither
opt350m,OPT-350M,43,12,0.5,0.0594762621984466,0.4860284770655703,0.4366752064069527,1.0772963165274771,0.055208823501931674,neither
opt350m,OPT-350M,43,13,0.5416666666666666,0.0750054053147096,0.4944262079818841,0.4273352152844462,1.07823857673367,0.06956290280572691,neither
opt350m,OPT-350M,43,14,0.5833333333333334,0.0820002701173255,0.5012272208027012,0.4271920923335845,1.0715806868637143,0.0765227211749426,neither
opt350m,OPT-350M,43,15,0.625,0.0934729764320909,0.5069940998584906,0.4214143697490159,1.0715915303924937,0.08722817769738661,neither
opt350m,OPT-350M,43,16,0.6666666666666666,0.1108314235077271,0.5370711178873067,0.4336817301910071,1.0292471519216861,0.10768203079386329,neither
opt350m,OPT-350M,43,17,0.7083333333333334,0.1128952683746895,0.551592339461344,0.4476680077457763,1.0007396527928796,0.112811826791933,neither
opt350m,OPT-350M,43,18,0.75,0.1024731217202948,0.5752342986499814,0.4853152727559837,0.9394504285940348,0.10907773161980913,neither
opt350m,OPT-350M,43,19,0.7916666666666666,0.0889411108750285,0.5971966076639142,0.5239351202865594,0.8788682720495264,0.10119959236623398,neither
opt350m,OPT-350M,43,20,0.8333333333333334,0.0814131342301646,0.5844524891172372,0.525735248445095,0.8898122624376679,0.09149473171692513,neither
opt350m,OPT-350M,43,21,0.875,0.081660533505341,0.5658434108683087,0.5204858096644911,0.9136707794672001,0.08937632169101511,neither
opt350m,OPT-350M,43,22,0.9166666666666666,0.0783232628233659,0.5735558992440191,0.5443563659864104,0.8820877347695706,0.08879305281784292,neither
opt350m,OPT-350M,43,23,0.9583333333333334,0.0939489247345679,0.5868091140559335,0.580771906287534,0.8324189796565326,0.11286254522131692,neither
opt350m,OPT-350M,43,24,1.0,0.117371461074086,0.6375586271943022,0.6460764528779668,0.7163649199277311,0.16384311655842493,neither
gpt2medium,GPT-2-medium,42,0,0.0,0.0008034699269522,0.4628908775598011,0.4632228688333402,1.0738862536068587,0.0007481890416732571,neither
gpt2medium,GPT-2-medium,42,1,0.041666666666666664,0.002659587924626,0.8549890450303985,0.8564767703927245,0.28853418457687696,0.009217583450384474,neither
gpt2medium,GPT-2-medium,42,2,0.08333333333333333,0.0262299802495333,0.8291533718717933,0.80292339162226,0.3679232365059468,0.07129199149972508,neither
gpt2medium,GPT-2-medium,42,3,0.125,0.0057719428516763,0.8427834159539842,0.8379878817378132,0.31922870230820255,0.018080901904941243,neither
gpt2medium,GPT-2-medium,42,4,0.16666666666666666,0.0040765255057021,0.8415853869409679,0.8416702856892474,0.31674432736978464,0.012870082124447776,neither
gpt2medium,GPT-2-medium,42,5,0.20833333333333334,0.0071742176474554,0.844189296906095,0.837637189183041,0.3181735139108641,0.022548129664448587,neither
gpt2medium,GPT-2-medium,42,6,0.25,0.0043880699187946,0.8438827836449917,0.841108816838761,0.31500839951624715,0.013930009249065364,neither
gpt2medium,GPT-2-medium,42,7,0.2916666666666667,0.0044702621509095,0.8459766192808444,0.8478075744002819,0.3062158063188737,0.014598404323565366,neither
gpt2medium,GPT-2-medium,42,8,0.3333333333333333,0.0071484099405324,0.8423326170851277,0.836723845797253,0.32094353711761925,0.022273107614915622,neither
gpt2medium,GPT-2-medium,42,9,0.375,0.0103530265516346,0.8377478514173082,0.8282942934544941,0.33395785512819764,0.031000997259550446,neither
gpt2medium,GPT-2-medium,42,10,0.4166666666666667,0.0130666110698008,0.8244901386053701,0.8121822309168408,0.36332763047778893,0.03596371421743437,neither
gpt2medium,GPT-2-medium,42,11,0.4583333333333333,0.0145377275585248,0.8138009024799139,0.8000753194093055,0.38612377811078047,0.037650433313521206,neither
gpt2medium,GPT-2-medium,42,12,0.5,0.0159551135509358,0.7999140791782564,0.7851439110904661,0.4149420097312775,0.03845142978236541,neither
gpt2medium,GPT-2-medium,42,13,0.5416666666666666,0.0160701454572429,0.7863481860749488,0.7724896622941502,0.441162151630901,0.03642684531715679,neither
gpt2medium,GPT-2-medium,42,14,0.5833333333333334,0.016502148261766,0.7770558114588776,0.7640933329536789,0.45885085558744343,0.03596407865610087,neither
gpt2medium,GPT-2-medium,42,15,0.625,0.0156800416919246,0.768802353340218,0.7609098523461222,0.47028779431365986,0.033341374965531745,neither
gpt2medium,GPT-2-medium,42,16,0.6666666666666666,0.0195564696361009,0.76637022560708,0.7527495688957412,0.4808802054971789,0.04066806953694755,neither
gpt2medium,GPT-2-medium,42,17,0.7083333333333334,0.0199418579812024,0.7699245992841354,0.7575604180129183,0.47251498270294645,0.042203652182896276,neither
gpt2medium,GPT-2-medium,42,18,0.75,0.0265901633898232,0.7789410492807338,0.7571544234376366,0.46390452728162956,0.05731818041448151,neither
gpt2medium,GPT-2-medium,42,19,0.7916666666666666,0.0304232628927976,0.7970477622695721,0.7705147914112188,0.4324374463192092,0.0703529797240091,neither
gpt2medium,GPT-2-medium,42,20,0.8333333333333334,0.031952268175411,0.8157550225539589,0.7874396608683772,0.3968053165776638,0.08052379048494228,neither
gpt2medium,GPT-2-medium,42,21,0.875,0.0266386183536854,0.8389138544094286,0.8167197885865098,0.3443663570040616,0.07735546115897499,neither
gpt2medium,GPT-2-medium,42,22,0.9166666666666666,0.0266832424777703,0.8749399738119198,0.8518903618734865,0.27316966431459355,0.09768010860474158,neither
gpt2medium,GPT-2-medium,42,23,0.9583333333333334,0.0337814280007912,0.9063880443145884,0.8782725592054332,0.21533939647997835,0.15687527945650254,neither
gpt2medium,GPT-2-medium,42,24,1.0,0.2045504100594829,0.8228154358983426,0.928769581074573,0.24841498302708442,0.8234221928440645,neither
gpt2medium,GPT-2-medium,43,0,0.0,0.0007447053012676,0.4630875940297936,0.4635420816039505,1.0733703243662558,0.0006938009039026604,neither
gpt2medium,GPT-2-medium,43,1,0.041666666666666664,0.0145446786608111,0.8555916296666753,0.841046951005864,0.30336141932746075,0.04794505080130502,neither
gpt2medium,GPT-2-medium,43,2,0.08333333333333333,0.0227770474773356,0.8298509067662568,0.8070738592889212,0.3630752339448221,0.06273368532979341,neither
gpt2medium,GPT-2-medium,43,3,0.125,0.0133356149539244,0.8435637762981882,0.8302356388195682,0.32620058488224357,0.040881640229855735,neither
gpt2medium,GPT-2-medium,43,4,0.16666666666666666,0.0084332019828745,0.8424656887413609,0.8343943104349945,0.3231400008236447,0.026097672715786627,neither
gpt2medium,GPT-2-medium,43,5,0.20833333333333334,0.0076948411436612,0.8451839120488698,0.8378742435792267,0.31694184437190354,0.024278400849563987,neither
gpt2medium,GPT-2-medium,43,6,0.25,0.0091005800050056,0.8449814766150692,0.8360676361257064,0.3189508872592244,0.02853285683952084,neither
gpt2medium,GPT-2-medium,43,7,0.2916666666666667,0.0089828994470384,0.8470525300028784,0.838473927336785,0.31447354266033656,0.028564881392075792,neither
gpt2medium,GPT-2-medium,43,8,0.3333333333333333,0.01132761665295,0.8432615356061455,0.8322819238530228,0.32445654054083173,0.034912585315950685,neither
gpt2medium,GPT-2-medium,43,9,0.375,0.0108178130469858,0.8388210802588754,0.8288071416173262,0.3323717781237985,0.03254732729731491,neither
gpt2medium,GPT-2-medium,43,10,0.4166666666666667,0.0131248936204283,0.8257914812291896,0.8137503218770432,0.36045819689376724,0.03641169415352875,neither
gpt2medium,GPT-2-medium,43,11,0.4583333333333333,0.0145783828297579,0.8150191028945329,0.801965484691399,0.3830154124140681,0.03806213107162796,neither
gpt2medium,GPT-2-medium,43,12,0.5,0.0173145334042388,0.8008941012023435,0.7853172995650645,0.41378859923259215,0.04184391120574647,neither
gpt2medium,GPT-2-medium,43,13,0.5416666666666666,0.0174723388203106,0.7874783833240357,0.7726431295264301,0.43987848714953415,0.03972083048101186,neither
gpt2medium,GPT-2-medium,43,14,0.5833333333333334,0.0186960128948152,0.7782349853700135,0.7628813338234817,0.4588836808065049,0.04074237911872628,neither
gpt2medium,GPT-2-medium,43,15,0.625,0.0169241372105768,0.7700392114357313,0.7601669350311223,0.4697938535331464,0.03602460330908249,neither
gpt2medium,GPT-2-medium,43,16,0.6666666666666666,0.0192592592989301,0.7673761757104807,0.7549864286116649,0.47763739567785446,0.04032192511140738,neither
gpt2medium,GPT-2-medium,43,17,0.7083333333333334,0.0211733579389872,0.7707619534432631,0.7561869517245123,0.4730510948322244,0.044759135261058194,neither
gpt2medium,GPT-2-medium,43,18,0.75,0.0294007925360857,0.7797185078786725,0.7545519372497129,0.4657295548716147,0.06312846635681188,neither
gpt2medium,GPT-2-medium,43,19,0.7916666666666666,0.0346050799690983,0.797705626515896,0.7662386510684572,0.4360557224156466,0.07935930705689231,neither
gpt2medium,GPT-2-medium,43,20,0.8333333333333334,0.037186006356492,0.8166760532803146,0.7822864137508674,0.40103753296881806,0.09272450406626487,neither
gpt2medium,GPT-2-medium,43,21,0.875,0.0297712754522933,0.8395953681576842,0.8135218313100397,0.34688280053227605,0.08582517036477628,neither
gpt2medium,GPT-2-medium,43,22,0.9166666666666666,0.0263459942252232,0.8754709905402216,0.853775567213613,0.2707534422461654,0.09730622076918888,neither
gpt2medium,GPT-2-medium,43,23,0.9583333333333334,0.0360199815491498,0.9072392137892994,0.8787224444788174,0.2140383417318833,0.1682875192252727,neither
gpt2medium,GPT-2-medium,43,24,1.0,0.1787151217438862,0.821849020435598,0.9556287374690176,0.22252224209538451,0.8031337454674742,ft_only
smollm2360m,SmolLM2-360M,42,0,0.0,0.0005316674400436,0.0767414673513221,0.0764271987065699,1.846831333942108,0.00028788088564034835,neither
smollm2360m,SmolLM2-360M,42,1,0.03125,0.0092946161452252,0.4951243630037697,0.4858510308156227,1.0190246061806074,0.0091210909813672,neither
smollm2360m,SmolLM2-360M,42,2,0.0625,0.0060820410335221,0.6668988121933743,0.6608953287518954,0.6722058590547303,0.009047884590108737,neither
smollm2360m,SmolLM2-360M,42,3,0.09375,0.0036624215251294,0.6378822052890888,0.6352190716610056,0.7268987230499058,0.005038420634119003,neither
smollm2360m,SmolLM2-360M,42,4,0.125,0.0033637052510495,0.6506720972242865,0.6509324364662075,0.698395466309506,0.004816333171267776,neither
smollm2360m,SmolLM2-360M,42,5,0.15625,0.0054909804150286,0.6462830332188937,0.6416291342951477,0.7120878324859585,0.007711099901621863,neither
smollm2360m,SmolLM2-360M,42,6,0.1875,0.0081531435408968,0.6183251588284762,0.6106838155567996,0.7709910256147242,0.010574887735426182,neither
smollm2360m,SmolLM2-360M,42,7,0.21875,0.0093314287484172,0.6073129362783583,0.5985407591424334,0.7941463045792083,0.011750264018871956,neither
smollm2360m,SmolLM2-360M,42,8,0.25,0.0096147401863676,0.5564895129214553,0.5486971172657701,0.8948133698127746,0.01074496706322049,neither
smollm2360m,SmolLM2-360M,42,9,0.28125,0.0096272917711812,0.6023438293879233,0.5965170029662379,0.8011391676458388,0.012017002987722049,neither
smollm2360m,SmolLM2-360M,42,10,0.3125,0.0087491837479512,0.6194822595623972,0.6157803750088734,0.7647373654287294,0.011440769267297677,neither
smollm2360m,SmolLM2-360M,42,11,0.34375,0.0143666022266583,0.6226784427156714,0.6096302051828886,0.7676913521014401,0.018714034210925885,neither
smollm2360m,SmolLM2-360M,42,12,0.375,0.0140792056027408,0.629016950964224,0.6173826365525891,0.7536004124831869,0.018682587442260607,neither
smollm2360m,SmolLM2-360M,42,13,0.40625,0.0115120895204035,0.6294739495956054,0.6228539927312655,0.747672057673129,0.01539724455696646,neither
smollm2360m,SmolLM2-360M,42,14,0.4375,0.0112633111444603,0.6453809689008575,0.6430187802204722,0.7116002508786702,0.015828143863851344,neither
smollm2360m,SmolLM2-360M,42,15,0.46875,0.0118094853927088,0.6554988096082741,0.651572338916784,0.6929288514749419,0.017042854208728038,neither
smollm2360m,SmolLM2-360M,42,16,0.5,0.0135348029462933,0.6606050115582395,0.653861712252079,0.6855332761896814,0.01974346602330115,neither
smollm2360m,SmolLM2-360M,42,17,0.53125,0.0193693269222216,0.6903732022407392,0.6735681201080213,0.6360586776512396,0.030452107019035262,neither
smollm2360m,SmolLM2-360M,42,18,0.5625,0.0233466413619258,0.6755822452309881,0.6544180614598994,0.6699996933091125,0.03484574932656655,neither
smollm2360m,SmolLM2-360M,42,19,0.59375,0.0235889851438789,0.6878285452762505,0.6663915767962335,0.645779877927516,0.03652790362496645,neither
smollm2360m,SmolLM2-360M,42,20,0.625,0.0156021612843686,0.7194793023085926,0.7078825990978991,0.5726380985935083,0.027246111152384078,neither
smollm2360m,SmolLM2-360M,42,21,0.65625,0.0186383091334947,0.7110132777341365,0.6963296379180318,0.5926570843478317,0.03144872410325536,neither
smollm2360m,SmolLM2-360M,42,22,0.6875,0.0254329586651192,0.7324891122379926,0.7091113487348433,0.5583995390271641,0.045546167014084836,neither
smollm2360m,SmolLM2-360M,42,23,0.71875,0.0187598657504599,0.7402390929133111,0.726628949916193,0.5331319571704959,0.035188034590956783,neither
smollm2360m,SmolLM2-360M,42,24,0.75,0.0236315704458602,0.7388599908248655,0.7207976729616022,0.5403423362135323,0.04373444178270252,neither
smollm2360m,SmolLM2-360M,42,25,0.78125,0.0229762142800598,0.7581857966290898,0.7417768330374022,0.5000373703335079,0.045948994301636785,neither
smollm2360m,SmolLM2-360M,42,26,0.8125,0.0296864540097529,0.7422831002616883,0.7183668802854519,0.5393500194528598,0.05504116610558045,neither
smollm2360m,SmolLM2-360M,42,27,0.84375,0.0264069364759204,0.7578372990590079,0.7384552749904474,0.5037074259505447,0.052425148241735664,neither
smollm2360m,SmolLM2-360M,42,28,0.875,0.0335701766006064,0.7697102771604698,0.7413565470418765,0.4889331757976537,0.06866005062110882,neither
smollm2360m,SmolLM2-360M,42,29,0.90625,0.0291081297549373,0.7886955428483657,0.7657231800885153,0.445581277063119,0.0653261958105434,neither
smollm2360m,SmolLM2-360M,42,30,0.9375,0.0309063452280815,0.8220553983776391,0.7958021084934641,0.3821424931288968,0.08087649445898386,neither
smollm2360m,SmolLM2-360M,42,31,0.96875,0.0310824480378583,0.8424729504865558,0.8149830525377217,0.34254399697572246,0.09074001679282455,neither
smollm2360m,SmolLM2-360M,42,32,1.0,0.1085983257162613,0.7775612711561402,0.6780932032401816,0.5443455256036782,0.19950255969464606,neither
smollm2360m,SmolLM2-360M,43,0,0.0,0.0005451101239204,0.0786095466813464,0.0783011461460004,1.8430893071726533,0.00029575893137626254,neither
smollm2360m,SmolLM2-360M,43,1,0.03125,0.0079537868180537,0.4968041231561023,0.4888730309535781,1.0143228458903197,0.007841474586005485,neither
smollm2360m,SmolLM2-360M,43,2,0.0625,0.0062104573657493,0.6685846325254665,0.6624173062981482,0.6689980611763853,0.009283221770222554,neither
smollm2360m,SmolLM2-360M,43,3,0.09375,0.0030881994988437,0.6393144972738765,0.6370299719871213,0.7236555307390022,0.004267499338656347,neither
smollm2360m,SmolLM2-360M,43,4,0.125,0.0031443879581117,0.6517766903895403,0.6531554084932651,0.6950679011171945,0.004523857241943804,neither
smollm2360m,SmolLM2-360M,43,5,0.15625,0.0034251994467002,0.6477918807964292,0.6474488672927619,0.7047592519108088,0.0048600985902823995,neither
smollm2360m,SmolLM2-360M,43,6,0.1875,0.0047110585863221,0.6197192465062873,0.6171588593376299,0.7631218941560828,0.006173402470036508,neither
smollm2360m,SmolLM2-360M,43,7,0.21875,0.0073490705542754,0.608727527497499,0.6022160359636811,0.7890564365388198,0.009313745144152109,neither
smollm2360m,SmolLM2-360M,43,8,0.25,0.0063772005563177,0.5590760894603083,0.5566709640235408,0.884252946516151,0.007211964157363675,neither
smollm2360m,SmolLM2-360M,43,9,0.28125,0.0076384749670566,0.6047332623338463,0.6036518258046658,0.791614911861488,0.009649230771935148,neither
smollm2360m,SmolLM2-360M,43,10,0.3125,0.0072337442198767,0.6218389161903181,0.6212785951406541,0.7568824886690277,0.009557288387788156,neither
smollm2360m,SmolLM2-360M,43,11,0.34375,0.0100780655192285,0.6245281706036825,0.6163769272733354,0.7590949021229821,0.013276423660655458,neither
smollm2360m,SmolLM2-360M,43,12,0.375,0.0092982383411983,0.6311081232104756,0.6245046306778488,0.7443872461116756,0.012491130644389555,neither
smollm2360m,SmolLM2-360M,43,13,0.40625,0.0077412277810985,0.6309259384987859,0.6286241605955801,0.7404499009056341,0.010454762397334796,neither
smollm2360m,SmolLM2-360M,43,14,0.4375,0.0085044265697587,0.6469863308379475,0.6466776594692613,0.7063360096927912,0.012040199640193277,neither
smollm2360m,SmolLM2-360M,43,15,0.46875,0.0092872192095292,0.656824326059786,0.6547952046175327,0.6883804693226812,0.013491404279187618,neither
smollm2360m,SmolLM2-360M,43,16,0.5,0.0098713307972576,0.6622234190476771,0.6612375313652825,0.6765390495870405,0.014590925391938663,neither
smollm2360m,SmolLM2-360M,43,17,0.53125,0.0131437544623073,0.6915394084853854,0.6815732606319138,0.6268873308827008,0.020966693398955735,neither
smollm2360m,SmolLM2-360M,43,18,0.5625,0.0160212263424685,0.676778314634323,0.6631748271957714,0.6600468581699055,0.024272862061475654,neither
smollm2360m,SmolLM2-360M,43,19,0.59375,0.0179092194351171,0.6888831460138574,0.672992940696334,0.6381239132898087,0.028065425949620377,neither
smollm2360m,SmolLM2-360M,43,20,0.625,0.0119356919769317,0.7206713169232731,0.7129546015534747,0.5663740815232521,0.021073866842265962,neither
smollm2360m,SmolLM2-360M,43,21,0.65625,0.0163112590129457,0.7122363770067315,0.6992969169756124,0.5884667060176562,0.027718235961604776,neither
smollm2360m,SmolLM2-360M,43,22,0.6875,0.0234204459719736,0.7338158620687374,0.7118566916161932,0.5543274463150694,0.04225020090140342,neither
smollm2360m,SmolLM2-360M,43,23,0.71875,0.0159484270003797,0.7422465757675767,0.7309454221308965,0.5268080021015268,0.030273699216334434,neither
smollm2360m,SmolLM2-360M,43,24,0.75,0.0224147251136584,0.7409671047456414,0.7232894915179633,0.5357434037363953,0.041838546134834426,neither
smollm2360m,SmolLM2-360M,43,25,0.78125,0.0218282492232187,0.7611073982585914,0.7446340912715074,0.4942585104699012,0.044163628467350335,neither
smollm2360m,SmolLM2-360M,43,26,0.8125,0.0303557329888269,0.7453746403503448,0.7188554987810442,0.5357698608686111,0.056658157178929386,neither
smollm2360m,SmolLM2-360M,43,27,0.84375,0.0254477278857011,0.7609956856155409,0.740798336502759,0.4982059778817002,0.05107872850884118,neither
smollm2360m,SmolLM2-360M,43,28,0.875,0.0339085310136712,0.7729773742176913,0.7425488264865072,0.4844737992958015,0.06999043304913158,neither
smollm2360m,SmolLM2-360M,43,29,0.90625,0.0267310292136012,0.7918567624842714,0.7700223718664614,0.4381208656492672,0.061012910613119316,neither
smollm2360m,SmolLM2-360M,43,30,0.9375,0.0299093960524165,0.8257648710286736,0.7992697827715222,0.37496534619980426,0.07976576063772826,neither
smollm2360m,SmolLM2-360M,43,31,0.96875,0.0295712453741481,0.8461220519020596,0.8192617056048421,0.3346162424930983,0.08837361018049812,neither
smollm2360m,SmolLM2-360M,43,32,1.0,0.118565834306964,0.7846592982732478,0.6739502575756429,0.5413904441511093,0.21900245116603997,neither
pythia410m,Pythia-410M,42,0,0.0,0.000907237767089,0.0627241057191125,0.0624307579215942,1.8748451363592933,0.00048390010966491793,neither
pythia410m,Pythia-410M,42,1,0.041666666666666664,0.061885154371911,0.3002407575002114,0.2387863368092778,1.4609729056905107,0.04235886519925689,neither
pythia410m,Pythia-410M,42,2,0.08333333333333333,0.0343919207665043,0.4408898376677791,0.4215528155523055,1.1375573467799156,0.03023313142309487,neither
pythia410m,Pythia-410M,42,3,0.125,0.053902679950124,0.5471605341761411,0.4990452614085668,0.9537942044152923,0.05651395206701654,neither
pythia410m,Pythia-410M,42,4,0.16666666666666666,0.0413105479111302,0.5554505044193908,0.5572121810595261,0.8873373145210832,0.046555630237894906,neither
pythia410m,Pythia-410M,42,5,0.20833333333333334,0.054846243941561,0.5734170956710438,0.5367111402877762,0.88987176404118,0.06163387373084794,neither
pythia410m,Pythia-410M,42,6,0.25,0.0455551963011652,0.5390980510173058,0.5308746536229844,0.9300272953597098,0.04898264441103921,neither
pythia410m,Pythia-410M,42,7,0.2916666666666667,0.0521200999000556,0.5143550777384255,0.4992993199637855,0.9863456022977889,0.05284162040022961,neither
pythia410m,Pythia-410M,42,8,0.3333333333333333,0.0507818156236517,0.5272311639997295,0.5280293596342464,0.9447394763660243,0.05375218977721335,neither
pythia410m,Pythia-410M,42,9,0.375,0.0617332317772079,0.5204719879345159,0.5022932736136437,0.9772347384518404,0.0631713439444521,neither
pythia410m,Pythia-410M,42,10,0.4166666666666667,0.0715722671313661,0.5335781607866527,0.4921107538324441,0.9743110853809032,0.07345935831509624,neither
pythia410m,Pythia-410M,42,11,0.4583333333333333,0.0772260106217254,0.5432308629471104,0.4966730935407497,0.9600960435121397,0.08043571384715215,neither
pythia410m,Pythia-410M,42,12,0.5,0.0841466246322291,0.5760054422854053,0.5173865787202017,0.906607978994393,0.09281478498078552,neither
pythia410m,Pythia-410M,42,13,0.5416666666666666,0.0759278279142158,0.5702134057566404,0.5345152988266562,0.8952712954167035,0.08480985406649863,neither
pythia410m,Pythia-410M,42,14,0.5833333333333334,0.0903684150994863,0.6063916747295035,0.5445698469988125,0.849038478271684,0.10643618329694746,neither
pythia410m,Pythia-410M,42,15,0.625,0.0840340673464208,0.5818872022003484,0.5387908295048827,0.8793219682947688,0.09556689173748774,neither
pythia410m,Pythia-410M,42,16,0.6666666666666666,0.0846599910798374,0.5954015458747356,0.5570428444827744,0.8475556096424901,0.09988724057356907,neither
pythia410m,Pythia-410M,42,17,0.7083333333333334,0.0923215789417918,0.6547020485983012,0.6007643709965295,0.7445335804051693,0.12399921423497262,neither
pythia410m,Pythia-410M,42,18,0.75,0.1023803085555822,0.7390074545185848,0.660424618475725,0.6005679270056901,0.17047248771014073,neither
pythia410m,Pythia-410M,42,19,0.7916666666666666,0.0926654710356004,0.748898364458481,0.6874807960102222,0.5636208395312968,0.16441100920374122,neither
pythia410m,Pythia-410M,42,20,0.8333333333333334,0.0951745718520158,0.755683356641293,0.7242187190248146,0.5200979243338923,0.18299356217179527,neither
pythia410m,Pythia-410M,42,21,0.875,0.0926206753819437,0.769101519486983,0.747242518781509,0.48365596173150793,0.19150115518137714,neither
pythia410m,Pythia-410M,42,22,0.9166666666666666,0.0783999322749217,0.7628951165254384,0.7815556931515419,0.45554919032301955,0.17209981696889878,neither
pythia410m,Pythia-410M,42,23,0.9583333333333334,0.0958351429947231,0.6984051414314402,0.7612685992658739,0.5403262593026861,0.17736532575411457,neither
pythia410m,Pythia-410M,42,24,1.0,0.1990809972246865,0.5990113869232714,0.7966011615075056,0.604387451569223,0.3293930022997589,neither
pythia410m,Pythia-410M,43,0,0.0,0.0008677380259921,0.0606616989956037,0.0602991831589279,1.8790391178454684,0.0004617988086310093,neither
pythia410m,Pythia-410M,43,1,0.041666666666666664,0.0589433845850232,0.2982672348643744,0.2398455123459514,1.4618872527896742,0.040320061942221166,neither
pythia410m,Pythia-410M,43,2,0.08333333333333333,0.0822181424622006,0.4364753856992106,0.3548015608018918,1.2087230534988977,0.06802066215598623,neither
pythia410m,Pythia-410M,43,3,0.125,0.1179563010572151,0.544712564477828,0.4272178428108583,1.0280695927113137,0.11473571623311081,neither
pythia410m,Pythia-410M,43,4,0.16666666666666666,0.0867352226054703,0.5542138851254275,0.4722752628614448,0.9735108520131277,0.08909528068034385,neither
pythia410m,Pythia-410M,43,5,0.20833333333333334,0.0742080981881808,0.5680951302453521,0.5054091201906673,0.9264957495639806,0.08009545453727551,neither
pythia410m,Pythia-410M,43,6,0.25,0.0554426195160535,0.5306829720003703,0.5048377145402041,0.9644793134594256,0.05748450873164932,neither
pythia410m,Pythia-410M,43,7,0.2916666666666667,0.0622333997210599,0.5049403923105135,0.5209940509971593,0.9740655566923273,0.06389036065743696,neither
pythia410m,Pythia-410M,43,8,0.3333333333333333,0.0782669177167482,0.5183523056143773,0.5768225788318507,0.904825115553772,0.08649949738502473,neither
pythia410m,Pythia-410M,43,9,0.375,0.078406385764335,0.5106838184402451,0.5646700892283217,0.9246460923314331,0.08479610351960559,neither
pythia410m,Pythia-410M,43,10,0.4166666666666667,0.0677937796906199,0.5238535228362199,0.5503465933032367,0.9257998838605433,0.0732272501568297,neither
pythia410m,Pythia-410M,43,11,0.4583333333333333,0.0665037396656106,0.5333365497274685,0.5588055368794358,0.9078579133930957,0.07325346696274813,neither
pythia410m,Pythia-410M,43,12,0.5,0.0663567008418294,0.5661964658713555,0.5752428933740726,0.858560640754572,0.07728830986651078,neither
pythia410m,Pythia-410M,43,13,0.5416666666666666,0.0707789256382339,0.5596855655524247,0.5896324567978085,0.8506819776497668,0.08320256864237249,neither
pythia410m,Pythia-410M,43,14,0.5833333333333334,0.0731593384365508,0.5960497861089632,0.6121374553307721,0.7918127585602648,0.09239474565877767,neither
pythia410m,Pythia-410M,43,15,0.625,0.0796340902204671,0.5705602579665111,0.6079306887024102,0.8215090533310786,0.09693635133729141,neither
pythia410m,Pythia-410M,43,16,0.6666666666666666,0.0865102665414539,0.5813741558810627,0.6305205684132352,0.7881052757057022,0.10976993709880829,neither
pythia410m,Pythia-410M,43,17,0.7083333333333334,0.0803432228522487,0.6424235754430451,0.6653150767753825,0.6922613477815723,0.1160590911361979,neither
pythia410m,Pythia-410M,43,18,0.75,0.079349018431777,0.730084400763799,0.707714220998343,0.562201378237858,0.14113985042243307,neither
pythia410m,Pythia-410M,43,19,0.7916666666666666,0.0792203513767831,0.739106663543711,0.7268614482956186,0.5340318881606703,0.1483438594830664,neither
pythia410m,Pythia-410M,43,20,0.8333333333333334,0.0885965900134652,0.7462420965169988,0.7725088592785349,0.48124904420446624,0.1840971760472184,neither
pythia410m,Pythia-410M,43,21,0.875,0.0886593108315411,0.7593027857198719,0.8016836278843446,0.4390135863957837,0.20195117777428445,neither
pythia410m,Pythia-410M,43,22,0.9166666666666666,0.0999007412138639,0.7539902650198028,0.8313698443604551,0.41463989061974194,0.24093374389171085,neither
pythia410m,Pythia-410M,43,23,0.9583333333333334,0.1450326407567814,0.6912297238548482,0.8280987693721835,0.4806715067729683,0.301729224040075,neither
pythia410m,Pythia-410M,43,24,1.0,0.2827093549424202,0.5791640006027289,0.8617499556448414,0.5590860437524297,0.5056634092401124,neither
bloom560m,BLOOM-560M,42,0,0.0,0.0032193898327611,0.0618290584044665,0.0597365293905207,1.8784344122050127,0.0017138686407378993,neither
bloom560m,BLOOM-560M,42,1,0.041666666666666664,0.0135361908617159,0.1480441093823606,0.1400489144758653,1.7119069761417742,0.00790708318288603,neither
bloom560m,BLOOM-560M,42,2,0.08333333333333333,0.0198577889004414,0.2028841530788629,0.1923308941931245,1.6047849527280125,0.012374112099371736,neither
bloom560m,BLOOM-560M,42,3,0.125,0.027099917628338,0.240143818095801,0.2537016766781115,1.5061545052260874,0.017992787283313976,neither
bloom560m,BLOOM-560M,42,4,0.16666666666666666,0.0297600158945627,0.2852717531084588,0.2820272901772057,1.4327009567143356,0.020771966232794602,neither
bloom560m,BLOOM-560M,42,5,0.20833333333333334,0.037107921528423,0.3001161693912267,0.28165814099661,1.4182256896121634,0.02616503268853546,neither
bloom560m,BLOOM-560M,42,6,0.25,0.0447222878795027,0.3310563395715224,0.3018546561353969,1.3670890042930806,0.03271351590061872,neither
bloom560m,BLOOM-560M,42,7,0.2916666666666667,0.0465935285279712,0.3595494122899526,0.3288285806404677,1.3116220070695799,0.035523594661292894,neither
bloom560m,BLOOM-560M,42,8,0.3333333333333333,0.0467880988842295,0.3732455606927433,0.343183414333898,1.2835710249733587,0.036451507531654215,neither
bloom560m,BLOOM-560M,42,9,0.375,0.052557245164054,0.3856922646237509,0.3485457868454991,1.26576194853075,0.04152221926489457,neither
bloom560m,BLOOM-560M,42,10,0.4166666666666667,0.058089828022816,0.4206639473409853,0.3748835776907637,1.204452474968251,0.048229240447488164,neither
bloom560m,BLOOM-560M,42,11,0.4583333333333333,0.0626387304257629,0.423618608679047,0.374795456391522,1.2015859349294309,0.05213004630371416,neither
bloom560m,BLOOM-560M,42,12,0.5,0.0681595652261011,0.4289057404864415,0.374216497037666,1.1968777624758926,0.05694780817474998,neither
bloom560m,BLOOM-560M,42,13,0.5416666666666666,0.0760046510467755,0.4379486980001185,0.3756752721590371,1.1863760298408443,0.06406455384720791,neither
bloom560m,BLOOM-560M,42,14,0.5833333333333334,0.0792010762829043,0.4454467528007038,0.3823361192940218,1.1722171279052744,0.06756519282774416,neither
bloom560m,BLOOM-560M,42,15,0.625,0.0878392797211635,0.4631110513203175,0.3898354477272643,1.1470535009524183,0.07657818894082014,neither
bloom560m,BLOOM-560M,42,16,0.6666666666666666,0.0967198975979729,0.4852156839212155,0.4010906821743998,1.1136936339043848,0.08684605411534274,neither
bloom560m,BLOOM-560M,42,17,0.7083333333333334,0.0997308257708155,0.5053994150293131,0.4172117276297486,1.0773888573409383,0.09256715910071438,neither
bloom560m,BLOOM-560M,42,18,0.75,0.0991033105398011,0.526470931696965,0.4391881052713473,1.0343409630316875,0.09581299985386446,neither
bloom560m,BLOOM-560M,42,19,0.7916666666666666,0.1074590060140989,0.5513626484296618,0.4548316274377192,0.9938057241326191,0.10812878554094436,neither
bloom560m,BLOOM-560M,42,20,0.8333333333333334,0.1136957763605162,0.577628215346474,0.4750780763227785,0.9472937083307476,0.12002167370124592,neither
bloom560m,BLOOM-560M,42,21,0.875,0.1063847742828449,0.6737719746101068,0.5760349357156039,0.7501930896742893,0.14180985635182788,neither
bloom560m,BLOOM-560M,42,22,0.9166666666666666,0.0238285169817861,0.9125003587778088,0.8988608417393499,0.18863879948284124,0.12631821792289114,neither
bloom560m,BLOOM-560M,42,23,0.9583333333333334,0.0159944048866005,0.9456229393729518,0.9551440787441978,0.09923298188285035,0.16118033120764952,ft_only
bloom560m,BLOOM-560M,42,24,1.0,0.0037327744803693,0.9920562985401322,0.9938437178965428,0.01409998356332498,0.2647360873581797,both
bloom560m,BLOOM-560M,43,0,0.0,0.0029633802967089,0.0616837946230306,0.0600590660656921,1.8782571393112772,0.0015777287543256818,neither
bloom560m,BLOOM-560M,43,1,0.041666666666666664,0.0098588682070071,0.1474987704007668,0.1427785892179955,1.7097226403812376,0.00576635529889734,neither
bloom560m,BLOOM-560M,43,2,0.08333333333333333,0.0167970264102671,0.2011151574562653,0.2087742768172333,1.5901105657265013,0.010563432991587445,neither
bloom560m,BLOOM-560M,43,3,0.125,0.0223275350485644,0.2379125212566573,0.2506041121782953,1.5114833665650473,0.014771935664303936,neither
bloom560m,BLOOM-560M,43,4,0.16666666666666666,0.033653930342482,0.2833994906316023,0.3084917661139122,1.4081087432544857,0.023900093301529746,neither
bloom560m,BLOOM-560M,43,5,0.20833333333333334,0.0422252174302372,0.2973982989254282,0.3330718348962334,1.3695298661783384,0.030831906972621427,neither
bloom560m,BLOOM-560M,43,6,0.25,0.0415784320603641,0.3286099404932278,0.3615844375731357,1.3098056219336365,0.03174397129169655,neither
bloom560m,BLOOM-560M,43,7,0.2916666666666667,0.043737746545038,0.3565576420507177,0.3917308439689223,1.2517115139803598,0.0349423537744371,neither
bloom560m,BLOOM-560M,43,8,0.3333333333333333,0.0433506818638273,0.3698843345966706,0.4034444284699658,1.2266712369333634,0.03534009811153846,neither
bloom560m,BLOOM-560M,43,9,0.375,0.0438550303426177,0.3823790984805292,0.4161613039186131,1.2014595976008575,0.036501460748401285,neither
bloom560m,BLOOM-560M,43,10,0.4166666666666667,0.0410271229575772,0.4171264002341283,0.4448724519377681,1.1380011478281038,0.03605191702651462,neither
bloom560m,BLOOM-560M,43,11,0.4583333333333333,0.043921198862788,0.4201052420006552,0.4478353222881658,1.132059435711179,0.03879760856831334,neither
bloom560m,BLOOM-560M,43,12,0.5,0.0422142264756954,0.4255540047460961,0.4462785254920004,1.1281674697619035,0.0374184042769861,neither
bloom560m,BLOOM-560M,43,13,0.5416666666666666,0.043531352685508,0.4343926639455873,0.4469714305657883,1.1186359054886243,0.03891467498219927,neither
bloom560m,BLOOM-560M,43,14,0.5833333333333334,0.046177719896152,0.4417273771086336,0.4572393670623064,1.1010332558290599,0.04194034980476674,neither
bloom560m,BLOOM-560M,43,15,0.625,0.0474710483193592,0.4588956443918718,0.4691546166048868,1.0719497390032413,0.04428477063066449,neither
bloom560m,BLOOM-560M,43,16,0.6666666666666666,0.047909824810887,0.4797633105122266,0.4826084540458641,1.0376282354419093,0.04617243746309869,neither
bloom560m,BLOOM-560M,43,17,0.7083333333333334,0.0502138513780126,0.4998044376453243,0.4960325152152237,1.004163047139452,0.050005675394106795,neither
bloom560m,BLOOM-560M,43,18,0.75,0.0518817121941942,0.5208401291414666,0.5232947445239525,0.9558651263345809,0.05427723092393066,neither
bloom560m,BLOOM-560M,43,19,0.7916666666666666,0.0573332160448676,0.5456969606143021,0.5378399004509149,0.916463138934783,0.0625592166330953,neither
bloom560m,BLOOM-560M,43,20,0.8333333333333334,0.0639349466708118,0.5725654009430488,0.5570569557590618,0.8703776432978895,0.0734565589582014,neither
bloom560m,BLOOM-560M,43,21,0.875,0.0703580183789366,0.670062651120361,0.6282670182674901,0.701670330612149,0.10027218667996847,neither
bloom560m,BLOOM-560M,43,22,0.9166666666666666,0.0188157725509465,0.9114747939261594,0.9078139222443248,0.18071128382951585,0.10412062906208679,neither
bloom560m,BLOOM-560M,43,23,0.9583333333333334,0.0176701791851396,0.944732978043016,0.9609223007907868,0.09434472116619719,0.18729377718984297,ft_only
bloom560m,BLOOM-560M,43,24,1.0,0.0032301826267966,0.9919687755057228,0.9949901724307476,0.013041052063529679,0.24769340779108293,both
