slug,n_samples,hidden_size,dim_over_samples,mix,repeats,cka_biased,cka_biased_std,cka_unbiased,cka_unbiased_std,bias
pythia70m,1490,512,0.3436241610738255,0.0,2,0.2567308625528347,8.312433078891899e-05,0.0014209150085099799,0.00020757658765535895,0.25530994754432473
pythia70m,1490,512,0.3436241610738255,0.3,2,0.3226065779286911,6.190038434723575e-05,0.08993957099072176,0.00020037502823589876,0.23266700693796932
pythia70m,1490,512,0.3436241610738255,0.7,2,0.6202091266375241,0.0005117576460897854,0.48975075176570293,0.0007817840342279547,0.13045837487182121
pythia70m,1490,512,0.3436241610738255,0.9,2,0.8583568629110789,0.0005523721203383381,0.8096827999561224,0.000771078588835727,0.048674062954956576
pythia70m,1490,512,0.3436241610738255,0.95,2,0.9275397782187785,0.0002729638264067585,0.9026705094756059,0.0003325058322384698,0.024869268743172634
pythia70m,1490,512,0.3436241610738255,0.98,2,0.9704557694436102,0.00012159473447981611,0.9602905210506087,0.00015999326482515306,0.01016524839300148
pythia70m,1490,512,0.3436241610738255,0.99,2,0.9852254168394781,5.4820763219846074e-05,0.9801398601547682,7.908775022698824e-05,0.005085556684709891
pythia70m,1490,512,0.3436241610738255,0.997,2,0.9955543562881619,8.822236264212477e-06,0.9940277203759054,1.1560746958785496e-05,0.0015266359122565465
pythia70m,1490,512,0.3436241610738255,1.0,2,1.0,0.0,1.0,0.0,0.0
gpt2,1375,768,0.5585454545454546,0.0,2,0.3589852579422882,0.0015408239057251563,0.0014378050399960983,0.0024440066804618703,0.3575474529022921
gpt2,1375,768,0.5585454545454546,0.3,2,0.4162112715676125,0.0014669897818464343,0.09003254707647523,0.00196770546790858,0.3261787244911373
gpt2,1375,768,0.5585454545454546,0.7,2,0.6728342222323822,0.000606086669021899,0.4902525093610278,0.0013074346600680377,0.18258171287135438
gpt2,1375,768,0.5585454545454546,0.9,2,0.8777537950321463,0.00035647285721566936,0.8094817705640214,0.00046491755193096493,0.06827202446812497
gpt2,1375,768,0.5585454545454546,0.95,2,0.9375135915915073,0.000309836362491062,0.9026218239820407,0.00044787390853704166,0.03489176760946655
gpt2,1375,768,0.5585454545454546,0.98,2,0.9746374397739995,0.0001097201663014412,0.9604858554656759,0.00018915566172918736,0.01415158430832364
gpt2,1375,768,0.5585454545454546,0.99,2,0.9872737826430589,9.685488364241306e-06,0.9801694356551323,2.494662592398006e-06,0.007104346987926613
gpt2,1375,768,0.5585454545454546,0.997,2,0.9961541524641521,6.331109126330743e-07,0.9940073036449479,3.2241311325170294e-06,0.002146848819204128
gpt2,1375,768,0.5585454545454546,1.0,2,1.0,0.0,1.0,0.0,0.0
gptneo,1357,768,0.5659543109801032,0.0,2,0.361872530741551,0.0013248872692728346,0.0007494997856681118,0.0014576092980378341,0.3611230309558829
gptneo,1357,768,0.5659543109801032,0.3,2,0.41956126579037495,0.0011838288462818229,0.09131480809997751,0.0017018830203430514,0.32824645769039745
gptneo,1357,768,0.5659543109801032,0.7,2,0.6746240180662672,0.0001553947391641287,0.4905630152869364,0.00018318782492375498,0.18406100277933074
gptneo,1357,768,0.5659543109801032,0.9,2,0.8787794802843182,3.784631409175062e-05,0.8103495632383255,0.0003046705191749483,0.06842991704599266
gptneo,1357,768,0.5659543109801032,0.95,2,0.937727947303215,5.398160252241363e-05,0.9024854739175243,7.135510976161908e-05,0.03524247338569064
gptneo,1357,768,0.5659543109801032,0.98,2,0.9747982661166025,1.1344569547407392e-06,0.9605606397564258,2.5850474396403756e-06,0.01423762636017667
gptneo,1357,768,0.5659543109801032,0.99,2,0.9872865152997297,4.2460277409361163e-07,0.9800922644008063,9.03425513380731e-06,0.007194250898923338
gptneo,1357,768,0.5659543109801032,0.997,2,0.9961789453175306,5.33096412303642e-06,0.9940187394425235,1.5521286052668615e-05,0.002160205875007093
gptneo,1357,768,0.5659543109801032,1.0,2,1.0,0.0,1.0,0.0,0.0
opt125m,1370,768,0.5605839416058395,0.0,2,0.3592760040704255,0.0006486994025320151,0.00045294178258440705,0.0009682832077709515,0.35882306228784105
opt125m,1370,768,0.5605839416058395,0.3,2,0.4171517271176802,0.0007974307268153112,0.09024890321379093,0.000987496164975069,0.3269028239038893
opt125m,1370,768,0.5605839416058395,0.7,2,0.6735492658537239,0.00016297997520906433,0.4906319864440277,0.0005744613190182819,0.18291727940969615
opt125m,1370,768,0.5605839416058395,0.9,2,0.8780692921759524,0.0004575441401180135,0.8097290714643699,0.0007097281542345987,0.06834022071158252
opt125m,1370,768,0.5605839416058395,0.95,2,0.9375863097784798,4.958221496557063e-05,0.9026028398647034,5.20665389371055e-06,0.03498346991377643
opt125m,1370,768,0.5605839416058395,0.98,2,0.9746889353622852,1.3951459295236301e-05,0.9604810399737524,8.915578666357606e-06,0.014207895388532732
opt125m,1370,768,0.5605839416058395,0.99,2,0.9872848810334289,2.0265102453363352e-05,0.9801537593734464,3.0951043965753336e-05,0.007131121659982531
opt125m,1370,768,0.5605839416058395,0.997,2,0.9961686976147675,7.251257823943038e-06,0.9940245634629596,1.0008647623080192e-05,0.0021441341518078083
opt125m,1370,768,0.5605839416058395,1.0,2,1.0,0.0,1.0,0.0,0.0
smollm2135m,1313,576,0.43869002284843867,0.0,2,0.30490930039518005,7.837338039232718e-05,0.0006583003470453552,0.0007130617668178424,0.3042510000481347
smollm2135m,1313,576,0.43869002284843867,0.3,2,0.366683941133531,0.00015610968306305992,0.0888641268584873,0.00021600871464380207,0.27781981427504365
smollm2135m,1313,576,0.43869002284843867,0.7,2,0.6457050313383688,0.0005908983727097829,0.490290432741907,0.0011518810937724516,0.15541459859646178
smollm2135m,1313,576,0.43869002284843867,0.9,2,0.867866054628117,0.00014045572964353745,0.8098901306791686,0.0001440066667789762,0.05797592394894835
smollm2135m,1313,576,0.43869002284843867,0.95,2,0.9321730455467679,9.32018136018032e-05,0.9023735937052083,0.00013822512819053245,0.029799451841559632
smollm2135m,1313,576,0.43869002284843867,0.98,2,0.9725657383656916,2.2007748270931116e-05,0.9605368069734413,5.231486586226181e-05,0.012028931392250253
smollm2135m,1313,576,0.43869002284843867,0.99,2,0.9861269813718806,5.600795981743647e-06,0.9800340686286344,1.1274800802098442e-05,0.006092912743246193
smollm2135m,1313,576,0.43869002284843867,0.997,2,0.9958120291209137,5.669796858733819e-06,0.9939732250183274,1.0747975820684943e-05,0.0018388041025863
smollm2135m,1313,576,0.43869002284843867,1.0,2,0.9999999999999999,1.5700924586837752e-16,1.0,0.0,-1.1102230246251565e-16
pythia,1455,768,0.5278350515463918,0.0,2,0.3453444760023351,1.1330472480941861e-05,1.3964481734353502e-05,0.00024242164704831626,0.34533051152060074
pythia,1455,768,0.5278350515463918,0.3,2,0.4042599481762765,0.00017516330613079754,0.08996672856020635,0.00039823671749109193,0.31429321961607015
pythia,1455,768,0.5278350515463918,0.7,2,0.6661559406730093,0.00047918391169515985,0.4900356935737661,0.0006335740195086196,0.17612024709924323
pythia,1455,768,0.5278350515463918,0.9,2,0.8757690227618997,0.00011527017458014338,0.8102851139150482,0.0002402661265758961,0.06548390884685151
pythia,1455,768,0.5278350515463918,0.95,2,0.9361998805238674,0.0006894603296963173,0.9025291907151264,0.0011263240800858758,0.033670689808740994
pythia,1455,768,0.5278350515463918,0.98,2,0.9741206079746583,5.026609095943153e-05,0.960473723313419,9.084395754047146e-05,0.013646884661239311
pythia,1455,768,0.5278350515463918,0.99,2,0.986975717642897,2.453363705040151e-05,0.9801030777872133,3.813474625370409e-05,0.00687263985568376
pythia,1455,768,0.5278350515463918,0.997,2,0.9960784283127403,3.05381909176547e-06,0.9940080485956202,2.128812457902874e-06,0.0020703797171200966
pythia,1455,768,0.5278350515463918,1.0,2,1.0,0.0,1.0,0.0,0.0
opt350m,1383,1024,0.7404193781634129,0.0,2,0.42571236375990307,0.0006055980183682742,0.00036060737244568214,0.0004885095913728331,0.42535175638745737
opt350m,1383,1024,0.7404193781634129,0.3,2,0.47663195200031255,0.00019734108477856976,0.08948664000625872,1.9946344436695798e-05,0.38714531199405383
opt350m,1383,1024,0.7404193781634129,0.7,2,0.70705406785219,0.0004434987050294762,0.4901028836217324,0.0009840093474391795,0.21695118423045767
opt350m,1383,1024,0.7404193781634129,0.9,2,0.89069474010919,0.0002502281028457225,0.809861777945476,0.0005106379301602125,0.08083296216371405
opt350m,1383,1024,0.7404193781634129,0.95,2,0.9440196975749526,0.00016236160603638367,0.9025391149423493,0.00029134263628530666,0.04148058263260335
opt350m,1383,1024,0.7404193781634129,0.98,2,0.9772470555061222,5.735260772395969e-05,0.9603734751758686,0.00014221418204828277,0.016873580330253657
opt350m,1383,1024,0.7404193781634129,0.99,2,0.9885300619845199,3.367133688577123e-05,0.980035311368651,2.5557760850988183e-05,0.008494750615868907
opt350m,1383,1024,0.7404193781634129,0.997,2,0.9965538558385143,6.8815487271936e-06,0.993998598265281,1.208702642696113e-05,0.0025552575732332716
opt350m,1383,1024,0.7404193781634129,1.0,2,1.0,1.1102230246251565e-16,1.0,0.0,0.0
gpt2medium,1397,1024,0.7329992841803865,0.0,2,0.42343491664316635,0.0005003091650718361,0.0009912834173153333,0.0013050908088295024,0.422443633225851
gpt2medium,1397,1024,0.7329992841803865,0.3,2,0.47514177796969187,0.0001227879839887318,0.09008586190214293,0.00014157136486525558,0.38505591606754896
gpt2medium,1397,1024,0.7329992841803865,0.7,2,0.7058264683831847,0.0002272280038300543,0.4903665785999949,0.00055330380441728,0.21545988978318986
gpt2medium,1397,1024,0.7329992841803865,0.9,2,0.8902459019164333,0.00040240578443809585,0.8096960254382719,0.0006718150999776152,0.08054987647816136
gpt2medium,1397,1024,0.7329992841803865,0.95,2,0.9436610761719886,0.00024055813402608256,0.9023640750038794,0.0005423230643577453,0.04129700116810919
gpt2medium,1397,1024,0.7329992841803865,0.98,2,0.9771974669528181,2.3131860626289153e-05,0.9605142666837203,8.270967898366794e-06,0.016683200269097753
gpt2medium,1397,1024,0.7329992841803865,0.99,2,0.988515307544138,2.3252584619990886e-05,0.980107670243451,4.9235004363631356e-05,0.008407637300686943
gpt2medium,1397,1024,0.7329992841803865,0.997,2,0.9965352705856423,4.547571849109189e-06,0.9939904499665998,1.2445297100182892e-05,0.002544820619042487
gpt2medium,1397,1024,0.7329992841803865,1.0,2,1.0,1.1102230246251565e-16,1.0,0.0,0.0
smollm2360m,1329,960,0.7223476297968398,0.0,2,0.4190677681959988,0.001085893764350051,-0.00013945686333509974,0.0015250547276927447,0.4192072250593339
smollm2360m,1329,960,0.7223476297968398,0.3,2,0.471115603323934,0.0003694135051346185,0.08954407590320262,0.0006676741794314167,0.38157152742073136
smollm2360m,1329,960,0.7223476297968398,0.7,2,0.703929271495189,0.00015011854117338863,0.48986974620677315,0.00036028803716256307,0.21405952528841588
smollm2360m,1329,960,0.7223476297968398,0.9,2,0.8897729195506041,0.00014075291023938109,0.8101352182471644,0.00047540867323937503,0.07963770130343972
smollm2360m,1329,960,0.7223476297968398,0.95,2,0.9434691650212346,0.00010835457077722546,0.9026724171663529,0.00015598512625876013,0.04079674785488163
smollm2360m,1329,960,0.7223476297968398,0.98,2,0.9770747299295406,4.992720361937262e-05,0.9605447846265782,0.00010454957516405761,0.016529945302962368
smollm2360m,1329,960,0.7223476297968398,0.99,2,0.9884537970010652,5.365592109829396e-05,0.9801252834667848,9.612776704317475e-05,0.008328513534280324
smollm2360m,1329,960,0.7223476297968398,0.997,2,0.9965232599867664,8.543862649636841e-06,0.9940118176484894,1.3883741079923258e-05,0.002511442338276937
smollm2360m,1329,960,0.7223476297968398,1.0,2,1.0,0.0,1.0,0.0,0.0
pythia410m,1444,1024,0.7091412742382271,0.0,2,0.415050799686996,0.0010726285866819298,0.0002474443187088205,0.0018781798282880805,0.41480335536828716
pythia410m,1444,1024,0.7091412742382271,0.3,2,0.46831419191776036,0.00041011635376792124,0.09066292386674893,0.000525204020663814,0.37765126805101146
pythia410m,1444,1024,0.7091412742382271,0.7,2,0.7010015561607801,0.000334732829639462,0.4889654370197192,0.0005244870945232518,0.2120361191410609
pythia410m,1444,1024,0.7091412742382271,0.9,2,0.8886905390034971,0.00022731164281814697,0.8096638531719649,0.0003281556354837444,0.07902668583153227
pythia410m,1444,1024,0.7091412742382271,0.95,2,0.9429906275795359,2.344550191029962e-05,0.9025902540727357,5.0674924718424625e-05,0.04040037350680015
pythia410m,1444,1024,0.7091412742382271,0.98,2,0.9769180044728654,9.270854867924777e-05,0.9605769205708455,0.00016936088972900937,0.016341083902019826
pythia410m,1444,1024,0.7091412742382271,0.99,2,0.9883800557163132,1.189480983672981e-05,0.9801395590002786,3.315626904417229e-05,0.008240496716034551
pythia410m,1444,1024,0.7091412742382271,0.997,2,0.9964872411908081,2.6241278105963377e-06,0.9939952775610967,1.0106284775355547e-05,0.00249196362971138
pythia410m,1444,1024,0.7091412742382271,1.0,2,1.0,0.0,1.0,0.0,0.0
bloom560m,1452,1024,0.7052341597796143,0.0,2,0.41351421231303975,0.000642891833745392,-0.0006001952730539515,0.0013141849949090533,0.4141144075860937
bloom560m,1452,1024,0.7052341597796143,0.3,2,0.4666731625478542,0.0002452304671552623,0.09011298692284266,0.0005149937975990298,0.37656017562501154
bloom560m,1452,1024,0.7052341597796143,0.7,2,0.7011601082822205,0.00016678999501125517,0.4901828972641957,0.00010571305939648514,0.2109772110180248
bloom560m,1452,1024,0.7052341597796143,0.9,2,0.8883353705957211,0.00021619910845289628,0.8095182243548067,0.00042936708817845347,0.0788171462409144
bloom560m,1452,1024,0.7052341597796143,0.95,2,0.9429752129527343,0.0002080340090028746,0.9028046033485331,0.00032581241679831936,0.04017060960420127
bloom560m,1452,1024,0.7052341597796143,0.98,2,0.9768117896246434,7.029374847487365e-05,0.9604724628716683,0.00013712293401368475,0.016339326752975114
bloom560m,1452,1024,0.7052341597796143,0.99,2,0.9883495636353756,3.194337016492101e-06,0.9801275635016855,5.98830055980295e-06,0.008222000133690122
bloom560m,1452,1024,0.7052341597796143,0.997,2,0.9964809539354365,2.023189825745264e-06,0.9940024163969556,3.1466537128206823e-06,0.0024785375384808184
bloom560m,1452,1024,0.7052341597796143,1.0,2,1.0,1.1102230246251565e-16,1.0,0.0,0.0
